,mean_fit_time,std_fit_time,mean_score_time,std_score_time,param_comNB__estimator__alpha,param_tfidf__max_df,param_tfidf__max_features,param_tfidf__min_df,params,split0_test_score,split1_test_score,split2_test_score,split3_test_score,split4_test_score,split5_test_score,split6_test_score,split7_test_score,split8_test_score,split9_test_score,mean_test_score,std_test_score,rank_test_score,split0_train_score,split1_train_score,split2_train_score,split3_train_score,split4_train_score,split5_train_score,split6_train_score,split7_train_score,split8_train_score,split9_train_score,mean_train_score,std_train_score
0,0.1911386728286743,0.04160431639081495,0.024245047569274904,0.002347855713506713,1,0.5,2000,0.01,"{'comNB__estimator__alpha': 1, 'tfidf__max_df': 0.5, 'tfidf__max_features': 2000, 'tfidf__min_df': 0.01}",63.11,62.53,61.39,60.05,62.73,61.53,60.64,61.66,61.75,62.13,61.751999999999995,0.8871843100506233,13,66.24,66.27,66.1,66.85,66.66,66.63,66.61,66.53,66.34,66.17,66.43999999999998,0.23600847442411846
1,0.17830960750579833,0.004681295245784419,0.024608564376831055,0.0008396873330194122,1,0.5,2000,0.001,"{'comNB__estimator__alpha': 1, 'tfidf__max_df': 0.5, 'tfidf__max_features': 2000, 'tfidf__min_df': 0.001}",59.07,60.98,60.79,59.76,62.79,60.33,59.87,60.59,60.22,62.22,60.662,1.0658029836700589,101,71.67,71.5,72.15,72.48,71.78,71.69,72.12,71.89,71.7,71.78,71.876,0.2770270744891208
2,0.18290960788726807,0.008362469688051297,0.02467808723449707,0.00038411533149507296,1,0.5,2000,0.0001,"{'comNB__estimator__alpha': 1, 'tfidf__max_df': 0.5, 'tfidf__max_features': 2000, 'tfidf__min_df': 0.0001}",58.83,59.96,60.55,59.33,61.34,59.59,59.4,61.13,58.54,63.42,60.20899999999999,1.3825226942079478,123,71.12,71.8,72.53,72.02,71.34,71.62,71.91,71.98,71.65,71.68,71.76500000000001,0.36835444886684726
3,0.18012573719024658,0.004795132257531764,0.024490046501159667,0.0007724212774870076,1,0.5,2000,1,"{'comNB__estimator__alpha': 1, 'tfidf__max_df': 0.5, 'tfidf__max_features': 2000, 'tfidf__min_df': 1}",58.83,59.96,60.55,59.33,61.34,59.59,59.4,61.13,58.54,63.42,60.20899999999999,1.3825226942079478,123,71.12,71.8,72.53,72.02,71.34,71.62,71.91,71.98,71.65,71.68,71.76500000000001,0.36835444886684726
4,0.17793521881103516,0.007707191107881644,0.024363136291503905,0.0012991724686473416,1,0.5,2000,2,"{'comNB__estimator__alpha': 1, 'tfidf__max_df': 0.5, 'tfidf__max_features': 2000, 'tfidf__min_df': 2}",59.53,59.99,60.59,59.27,61.23,59.61,59.53,61.45,58.8,63.55,60.355,1.336886307806314,117,71.07,71.96,72.37,72.18,71.39,71.29,71.94,72.1,71.62,72.02,71.794,0.405714185110652
5,0.17538104057312012,0.00269333651809871,0.024026966094970702,0.0007015732202715474,1,0.5,2000,3,"{'comNB__estimator__alpha': 1, 'tfidf__max_df': 0.5, 'tfidf__max_features': 2000, 'tfidf__min_df': 3}",59.02,60.24,60.65,59.35,61.81,59.8,59.49,61.18,58.71,62.63,60.288,1.2076075521459777,122,71.15,71.84,72.4,72.35,71.11,71.55,72.12,71.98,71.68,71.94,71.81200000000001,0.42338634838643496
6,0.17522094249725342,0.003436699347722618,0.023711466789245607,0.0015267940118533015,1,0.5,3000,0.01,"{'comNB__estimator__alpha': 1, 'tfidf__max_df': 0.5, 'tfidf__max_features': 3000, 'tfidf__min_df': 0.01}",63.11,62.53,61.39,60.05,62.73,61.53,60.64,61.66,61.75,62.13,61.751999999999995,0.8871843100506233,13,66.24,66.27,66.1,66.85,66.66,66.63,66.61,66.53,66.34,66.17,66.43999999999998,0.23600847442411846
7,0.18069150447845458,0.004689757571935955,0.025428962707519532,0.0022869642859362914,1,0.5,3000,0.001,"{'comNB__estimator__alpha': 1, 'tfidf__max_df': 0.5, 'tfidf__max_features': 3000, 'tfidf__min_df': 0.001}",59.07,60.98,60.79,59.76,62.79,60.33,59.87,60.59,60.22,62.22,60.662,1.0658029836700589,101,71.67,71.5,72.15,72.48,71.78,71.69,72.12,71.89,71.7,71.78,71.876,0.2770270744891208
8,0.1839660406112671,0.006375175595545649,0.026297593116760255,0.00285401235681873,1,0.5,3000,0.0001,"{'comNB__estimator__alpha': 1, 'tfidf__max_df': 0.5, 'tfidf__max_features': 3000, 'tfidf__min_df': 0.0001}",56.46,56.15,55.42,58.71,56.42,55.36,55.85,58.07,56.03,58.23,56.67,1.1529440576194487,193,69.85,69.88,70.08,70.25,70.26,69.91,70.18,70.31,70.07,69.7,70.049,0.19516403357176432
9,0.1806950092315674,0.003667178776901389,0.024689602851867675,0.0006907129932267725,1,0.5,3000,1,"{'comNB__estimator__alpha': 1, 'tfidf__max_df': 0.5, 'tfidf__max_features': 3000, 'tfidf__min_df': 1}",56.46,56.15,55.42,58.71,56.42,55.36,55.85,58.07,56.03,58.23,56.67,1.1529440576194487,193,69.85,69.88,70.08,70.25,70.26,69.91,70.18,70.31,70.07,69.7,70.049,0.19516403357176432
10,0.17578654289245604,0.0041039081157963645,0.024211859703063963,0.0007639761188664415,1,0.5,3000,2,"{'comNB__estimator__alpha': 1, 'tfidf__max_df': 0.5, 'tfidf__max_features': 3000, 'tfidf__min_df': 2}",57.04,56.93,56.41,59.28,57.87,55.59,56.83,58.05,55.91,60.7,57.461,1.4893720153138377,185,70.22,70.56,70.2,70.8,70.59,70.39,70.88,71.04,70.98,70.24,70.59,0.30581039877675953
11,0.17425997257232667,0.003731929543715448,0.023887014389038085,0.0005341315878151597,1,0.5,3000,3,"{'comNB__estimator__alpha': 1, 'tfidf__max_df': 0.5, 'tfidf__max_features': 3000, 'tfidf__min_df': 3}",58.99,58.78,59.47,59.95,61.2,57.94,58.47,60.47,57.61,62.47,59.535000000000004,1.4383341058321606,153,71.28,71.75,71.67,72.09,71.26,71.21,71.78,71.88,71.5,71.82,71.624,0.2830265005260107
12,0.17918317317962645,0.002706365541929511,0.023793554306030272,0.0005687983296689793,1,0.5,4000,0.01,"{'comNB__estimator__alpha': 1, 'tfidf__max_df': 0.5, 'tfidf__max_features': 4000, 'tfidf__min_df': 0.01}",63.11,62.53,61.39,60.05,62.73,61.53,60.64,61.66,61.75,62.13,61.751999999999995,0.8871843100506233,13,66.24,66.27,66.1,66.85,66.66,66.63,66.61,66.53,66.34,66.17,66.43999999999998,0.23600847442411846
13,0.17559144496917725,0.005034225479250672,0.023725175857543947,0.0006055609180830071,1,0.5,4000,0.001,"{'comNB__estimator__alpha': 1, 'tfidf__max_df': 0.5, 'tfidf__max_features': 4000, 'tfidf__min_df': 0.001}",59.07,60.98,60.79,59.76,62.79,60.33,59.87,60.59,60.22,62.22,60.662,1.0658029836700589,101,71.67,71.5,72.15,72.48,71.78,71.69,72.12,71.89,71.7,71.78,71.876,0.2770270744891208
14,0.1792522430419922,0.0052126100238924665,0.024655580520629883,0.0006340170826665879,1,0.5,4000,0.0001,"{'comNB__estimator__alpha': 1, 'tfidf__max_df': 0.5, 'tfidf__max_features': 4000, 'tfidf__min_df': 0.0001}",54.15,50.06,51.16,55.9,52.63,52.77,51.81,51.23,50.94,52.38,52.30300000000001,1.6208149184900784,209,66.4,66.9,66.47,66.59,66.91,66.46,66.89,66.94,66.68,65.6,66.584,0.3829151342007799
15,0.17755591869354248,0.005941642115914865,0.024236464500427247,0.0005284588486841648,1,0.5,4000,1,"{'comNB__estimator__alpha': 1, 'tfidf__max_df': 0.5, 'tfidf__max_features': 4000, 'tfidf__min_df': 1}",54.15,50.06,51.16,55.9,52.63,52.77,51.81,51.23,50.94,52.38,52.30300000000001,1.6208149184900784,209,66.4,66.9,66.47,66.59,66.91,66.46,66.89,66.94,66.68,65.6,66.584,0.3829151342007799
16,0.17538623809814452,0.0038160522539977797,0.02439382076263428,0.0007506212322762817,1,0.5,4000,2,"{'comNB__estimator__alpha': 1, 'tfidf__max_df': 0.5, 'tfidf__max_features': 4000, 'tfidf__min_df': 2}",57.04,56.93,56.41,59.28,57.87,55.59,56.83,58.05,55.91,60.7,57.461,1.4893720153138377,185,70.22,70.56,70.2,70.8,70.59,70.39,70.88,71.04,70.98,70.24,70.59,0.30581039877675953
17,0.1776437997817993,0.0034283550417246052,0.025070571899414064,0.002504500822006692,1,0.5,4000,3,"{'comNB__estimator__alpha': 1, 'tfidf__max_df': 0.5, 'tfidf__max_features': 4000, 'tfidf__min_df': 3}",58.99,58.78,59.47,59.95,61.2,57.94,58.47,60.47,57.61,62.47,59.535000000000004,1.4383341058321606,153,71.28,71.75,71.67,72.09,71.26,71.21,71.78,71.88,71.5,71.82,71.624,0.2830265005260107
18,0.17473371028900148,0.003420363002089144,0.02324080467224121,0.0005649069708515248,1,0.7,2000,0.01,"{'comNB__estimator__alpha': 1, 'tfidf__max_df': 0.7, 'tfidf__max_features': 2000, 'tfidf__min_df': 0.01}",63.28,62.64,61.63,60.21,62.88,61.55,60.36,61.6,62.08,62.4,61.863,0.9588644325450812,1,66.36,66.37,66.08,66.78,66.73,66.65,66.74,66.58,66.27,66.28,66.484,0.2300956322923152
19,0.17664270401000975,0.004185590252058943,0.024846887588500975,0.0013239858302123283,1,0.7,2000,0.001,"{'comNB__estimator__alpha': 1, 'tfidf__max_df': 0.7, 'tfidf__max_features': 2000, 'tfidf__min_df': 0.001}",58.59,60.36,60.39,59.43,62.97,60.91,60.04,60.65,60.41,62.51,60.626,1.2335817767784987,106,71.46,71.5,72.12,72.33,71.06,71.51,71.83,71.53,71.43,71.48,71.625,0.3503498251747809
20,0.1787281036376953,0.004849867309062339,0.02466285228729248,0.0007829051935293218,1,0.7,2000,0.0001,"{'comNB__estimator__alpha': 1, 'tfidf__max_df': 0.7, 'tfidf__max_features': 2000, 'tfidf__min_df': 0.0001}",59.0,59.24,60.67,59.05,61.05,59.31,59.32,60.76,60.03,63.57,60.2,1.3376621397049404,125,71.0,71.62,72.11,71.91,71.32,71.13,72.01,71.62,71.39,71.46,71.557,0.3506579529969356
21,0.17585160732269287,0.003278858795913785,0.02387080192565918,0.0005322243547482645,1,0.7,2000,1,"{'comNB__estimator__alpha': 1, 'tfidf__max_df': 0.7, 'tfidf__max_features': 2000, 'tfidf__min_df': 1}",59.0,59.24,60.67,59.05,61.05,59.31,59.32,60.76,60.03,63.57,60.2,1.3376621397049404,125,71.0,71.62,72.11,71.91,71.32,71.13,72.01,71.62,71.39,71.46,71.557,0.3506579529969356
22,0.1819096326828003,0.002572709096436436,0.024743866920471192,0.00038315475435390565,1,0.7,2000,2,"{'comNB__estimator__alpha': 1, 'tfidf__max_df': 0.7, 'tfidf__max_features': 2000, 'tfidf__min_df': 2}",58.8,59.13,60.66,59.07,60.83,59.21,59.39,60.48,59.83,63.56,60.096000000000004,1.3425066107844688,128,70.92,71.54,72.08,72.03,71.11,71.16,71.82,71.61,71.37,71.51,71.515,0.3677295201639372
23,0.1790091037750244,0.004923017903466388,0.026008415222167968,0.0026246128601654416,1,0.7,2000,3,"{'comNB__estimator__alpha': 1, 'tfidf__max_df': 0.7, 'tfidf__max_features': 2000, 'tfidf__min_df': 3}",59.24,59.74,60.67,58.93,61.55,59.26,59.38,60.17,59.73,62.81,60.148,1.1555241235041356,127,70.98,71.56,72.01,72.11,71.11,71.31,71.81,71.58,71.41,71.4,71.52799999999999,0.3474420815042415
24,0.17732956409454345,0.009626724619567003,0.02384507656097412,0.00192455120121304,1,0.7,3000,0.01,"{'comNB__estimator__alpha': 1, 'tfidf__max_df': 0.7, 'tfidf__max_features': 3000, 'tfidf__min_df': 0.01}",63.28,62.64,61.63,60.21,62.88,61.55,60.36,61.6,62.08,62.4,61.863,0.9588644325450812,1,66.36,66.37,66.08,66.78,66.73,66.65,66.74,66.58,66.27,66.28,66.484,0.2300956322923152
25,0.18797919750213624,0.03277484476694319,0.024319911003112794,0.0007887627003688474,1,0.7,3000,0.001,"{'comNB__estimator__alpha': 1, 'tfidf__max_df': 0.7, 'tfidf__max_features': 3000, 'tfidf__min_df': 0.001}",58.59,60.36,60.39,59.43,62.97,60.91,60.04,60.65,60.41,62.51,60.626,1.2335817767784987,106,71.46,71.5,72.12,72.33,71.06,71.51,71.83,71.53,71.43,71.48,71.625,0.3503498251747809
26,0.18006162643432616,0.006565138220222478,0.025307512283325194,0.00177918596263179,1,0.7,3000,0.0001,"{'comNB__estimator__alpha': 1, 'tfidf__max_df': 0.7, 'tfidf__max_features': 3000, 'tfidf__min_df': 0.0001}",56.41,55.8,55.63,58.61,56.24,55.39,55.5,57.32,55.92,58.08,56.489999999999995,1.0728932845348595,195,69.53,69.58,69.42,69.9,69.84,69.44,69.85,70.14,69.68,69.31,69.66900000000001,0.24655425366438136
27,0.1821358919143677,0.005498490160573362,0.02487349510192871,0.0008443728536368194,1,0.7,3000,1,"{'comNB__estimator__alpha': 1, 'tfidf__max_df': 0.7, 'tfidf__max_features': 3000, 'tfidf__min_df': 1}",56.41,55.8,55.63,58.61,56.24,55.39,55.5,57.32,55.92,58.08,56.489999999999995,1.0728932845348595,195,69.53,69.58,69.42,69.9,69.84,69.44,69.85,70.14,69.68,69.31,69.66900000000001,0.24655425366438136
28,0.1773482084274292,0.003884391098544558,0.025476908683776854,0.00252082782038411,1,0.7,3000,2,"{'comNB__estimator__alpha': 1, 'tfidf__max_df': 0.7, 'tfidf__max_features': 3000, 'tfidf__min_df': 2}",56.47,56.48,56.42,58.7,56.99,55.57,56.33,57.99,55.72,61.29,57.19599999999999,1.640427992933552,187,69.86,70.33,69.84,70.41,70.34,69.89,70.54,70.6,70.35,69.58,70.174,0.3313065046146841
29,0.1780456304550171,0.004908631788980176,0.024779796600341797,0.0009814851074774992,1,0.7,3000,3,"{'comNB__estimator__alpha': 1, 'tfidf__max_df': 0.7, 'tfidf__max_features': 3000, 'tfidf__min_df': 3}",59.37,58.36,59.83,59.34,60.72,57.66,57.98,60.94,57.49,62.55,59.42399999999999,1.5489945125790467,155,71.26,71.33,71.62,71.85,71.03,70.97,71.77,71.5,71.2,71.38,71.39099999999999,0.27994463738389275
30,0.1772059679031372,0.004981507790173323,0.024226570129394533,0.0007063928508955354,1,0.7,4000,0.01,"{'comNB__estimator__alpha': 1, 'tfidf__max_df': 0.7, 'tfidf__max_features': 4000, 'tfidf__min_df': 0.01}",63.28,62.64,61.63,60.21,62.88,61.55,60.36,61.6,62.08,62.4,61.863,0.9588644325450812,1,66.36,66.37,66.08,66.78,66.73,66.65,66.74,66.58,66.27,66.28,66.484,0.2300956322923152
31,0.18272461891174316,0.005415223905973955,0.025019454956054687,0.0005900957973704475,1,0.7,4000,0.001,"{'comNB__estimator__alpha': 1, 'tfidf__max_df': 0.7, 'tfidf__max_features': 4000, 'tfidf__min_df': 0.001}",58.59,60.36,60.39,59.43,62.97,60.91,60.04,60.65,60.41,62.51,60.626,1.2335817767784987,106,71.46,71.5,72.12,72.33,71.06,71.51,71.83,71.53,71.43,71.48,71.625,0.3503498251747809
32,0.17980308532714845,0.005498671261605767,0.025035691261291505,0.0009623987072951458,1,0.7,4000,0.0001,"{'comNB__estimator__alpha': 1, 'tfidf__max_df': 0.7, 'tfidf__max_features': 4000, 'tfidf__min_df': 0.0001}",53.75,49.03,50.68,55.02,52.6,53.76,51.12,51.25,50.48,52.38,52.007000000000005,1.7319067526861838,211,66.12,66.26,65.88,66.05,66.37,66.14,66.66,66.52,66.18,65.41,66.159,0.3300136360819057
33,0.1814725399017334,0.005648333837697217,0.025002169609069824,0.0015657374712178315,1,0.7,4000,1,"{'comNB__estimator__alpha': 1, 'tfidf__max_df': 0.7, 'tfidf__max_features': 4000, 'tfidf__min_df': 1}",53.75,49.03,50.68,55.02,52.6,53.76,51.12,51.25,50.48,52.38,52.007000000000005,1.7319067526861838,211,66.12,66.26,65.88,66.05,66.37,66.14,66.66,66.52,66.18,65.41,66.159,0.3300136360819057
34,0.17893450260162352,0.004857237962529505,0.024588799476623534,0.0009682948818176547,1,0.7,4000,2,"{'comNB__estimator__alpha': 1, 'tfidf__max_df': 0.7, 'tfidf__max_features': 4000, 'tfidf__min_df': 2}",56.47,56.48,56.42,58.7,56.99,55.57,56.33,57.99,55.72,61.29,57.19599999999999,1.640427992933552,187,69.86,70.33,69.84,70.41,70.34,69.89,70.54,70.6,70.35,69.58,70.174,0.3313065046146841
35,0.17785794734954835,0.005149213542966384,0.024377727508544923,0.0005802474931627804,1,0.7,4000,3,"{'comNB__estimator__alpha': 1, 'tfidf__max_df': 0.7, 'tfidf__max_features': 4000, 'tfidf__min_df': 3}",59.37,58.36,59.83,59.34,60.72,57.66,57.98,60.94,57.49,62.55,59.42399999999999,1.5489945125790467,155,71.26,71.33,71.62,71.85,71.03,70.97,71.77,71.5,71.2,71.38,71.39099999999999,0.27994463738389275
36,0.17836108207702636,0.00456778344056154,0.023826456069946288,0.0006277379287941383,1,0.9,2000,0.01,"{'comNB__estimator__alpha': 1, 'tfidf__max_df': 0.9, 'tfidf__max_features': 2000, 'tfidf__min_df': 0.01}",63.61,62.06,61.63,60.5,62.69,61.39,59.97,61.34,61.92,62.39,61.75,0.9960321279958793,16,66.39,66.24,65.94,66.63,66.65,66.64,66.9,66.65,66.1,66.3,66.44399999999999,0.2834501719879558
37,0.18054397106170655,0.002427183282999293,0.02563016414642334,0.001929165543962928,1,0.9,2000,0.001,"{'comNB__estimator__alpha': 1, 'tfidf__max_df': 0.9, 'tfidf__max_features': 2000, 'tfidf__min_df': 0.001}",58.95,59.72,60.1,59.22,62.31,59.76,59.96,60.58,60.96,62.64,60.42,1.168683019471063,111,71.21,71.24,71.53,72.07,70.96,71.01,71.46,71.34,71.16,71.14,71.31199999999998,0.30465718438927264
38,0.18178281784057618,0.0024897920579314814,0.02522575855255127,0.0008279519210488697,1,0.9,2000,0.0001,"{'comNB__estimator__alpha': 1, 'tfidf__max_df': 0.9, 'tfidf__max_features': 2000, 'tfidf__min_df': 0.0001}",58.85,59.25,60.69,58.92,61.16,59.02,58.9,59.82,58.79,63.53,59.892999999999994,1.4452131330706897,139,70.91,71.22,71.55,71.52,71.16,71.03,71.54,71.35,71.02,71.13,71.243,0.22289235069871818
39,0.18230125904083253,0.004260037421955579,0.025122928619384765,0.0011739588276828811,1,0.9,2000,1,"{'comNB__estimator__alpha': 1, 'tfidf__max_df': 0.9, 'tfidf__max_features': 2000, 'tfidf__min_df': 1}",58.85,59.25,60.69,58.92,61.16,59.02,58.9,59.82,58.79,63.53,59.892999999999994,1.4452131330706897,139,70.91,71.22,71.55,71.52,71.16,71.03,71.54,71.35,71.02,71.13,71.243,0.22289235069871818
40,0.18091392517089844,0.004489559305946079,0.025194454193115234,0.0016120849608187529,1,0.9,2000,2,"{'comNB__estimator__alpha': 1, 'tfidf__max_df': 0.9, 'tfidf__max_features': 2000, 'tfidf__min_df': 2}",58.6,59.29,60.42,59.06,61.04,59.39,58.82,59.65,58.94,63.7,59.891000000000005,1.4555923192982305,143,70.8,71.19,71.71,71.61,71.05,70.84,71.47,71.32,70.87,71.36,71.22200000000001,0.30941234623071995
41,0.1768721103668213,0.004352736841027494,0.024278736114501952,0.0008053897412998534,1,0.9,2000,3,"{'comNB__estimator__alpha': 1, 'tfidf__max_df': 0.9, 'tfidf__max_features': 2000, 'tfidf__min_df': 3}",58.88,59.4,60.63,58.96,61.65,59.36,58.87,59.6,58.99,62.93,59.927,1.3120064786425405,133,70.88,71.14,71.49,71.73,70.76,71.1,71.58,71.22,71.04,71.21,71.215,0.2903187902978375
42,0.17492098808288575,0.005027432260033909,0.023641490936279298,0.0009401698149923911,1,0.9,3000,0.01,"{'comNB__estimator__alpha': 1, 'tfidf__max_df': 0.9, 'tfidf__max_features': 3000, 'tfidf__min_df': 0.01}",63.61,62.06,61.63,60.5,62.69,61.39,59.97,61.34,61.92,62.39,61.75,0.9960321279958793,16,66.39,66.24,65.94,66.63,66.65,66.64,66.9,66.65,66.1,66.3,66.44399999999999,0.2834501719879558
43,0.18479564189910888,0.003926807152264431,0.025562310218811037,0.0012394564767765292,1,0.9,3000,0.001,"{'comNB__estimator__alpha': 1, 'tfidf__max_df': 0.9, 'tfidf__max_features': 3000, 'tfidf__min_df': 0.001}",58.95,59.72,60.1,59.22,62.31,59.76,59.96,60.58,60.96,62.64,60.42,1.168683019471063,111,71.21,71.24,71.53,72.07,70.96,71.01,71.46,71.34,71.16,71.14,71.31199999999998,0.30465718438927264
44,0.18356866836547853,0.006335012133988421,0.02524228096008301,0.0010243779247373216,1,0.9,3000,0.0001,"{'comNB__estimator__alpha': 1, 'tfidf__max_df': 0.9, 'tfidf__max_features': 3000, 'tfidf__min_df': 0.0001}",56.12,55.38,55.66,58.59,55.75,55.19,55.47,57.37,55.71,58.05,56.32899999999999,1.1533902201770225,197,68.83,68.31,68.86,69.15,68.99,68.91,69.24,69.44,69.01,68.4,68.914,0.3305510550580634
45,0.18545496463775635,0.006455692869263635,0.025258374214172364,0.0005645113185762808,1,0.9,3000,1,"{'comNB__estimator__alpha': 1, 'tfidf__max_df': 0.9, 'tfidf__max_features': 3000, 'tfidf__min_df': 1}",56.12,55.38,55.66,58.59,55.75,55.19,55.47,57.37,55.71,58.05,56.32899999999999,1.1533902201770225,197,68.83,68.31,68.86,69.15,68.99,68.91,69.24,69.44,69.01,68.4,68.914,0.3305510550580634
46,0.1793910503387451,0.004755750563016874,0.02505941390991211,0.0006812723418714594,1,0.9,3000,2,"{'comNB__estimator__alpha': 1, 'tfidf__max_df': 0.9, 'tfidf__max_features': 3000, 'tfidf__min_df': 2}",56.47,55.85,56.1,58.62,56.09,54.79,56.16,57.7,55.66,60.95,56.839,1.7054175441808972,189,69.33,69.58,69.18,70.17,69.89,69.64,69.81,70.07,69.76,68.9,69.633,0.37815473023618057
47,0.1812213659286499,0.006974456320500347,0.02540445327758789,0.0029551643148041343,1,0.9,3000,3,"{'comNB__estimator__alpha': 1, 'tfidf__max_df': 0.9, 'tfidf__max_features': 3000, 'tfidf__min_df': 3}",59.61,58.19,58.52,59.39,60.75,57.79,57.79,60.74,57.66,62.02,59.245999999999995,1.4401333271610666,159,70.83,71.03,71.1,71.33,70.77,70.47,71.36,70.97,70.64,70.89,70.939,0.26786003807959086
48,0.17487506866455077,0.003426734260606694,0.023772382736206056,0.0009203840198548226,1,0.9,4000,0.01,"{'comNB__estimator__alpha': 1, 'tfidf__max_df': 0.9, 'tfidf__max_features': 4000, 'tfidf__min_df': 0.01}",63.61,62.06,61.63,60.5,62.69,61.39,59.97,61.34,61.92,62.39,61.75,0.9960321279958793,16,66.39,66.24,65.94,66.63,66.65,66.64,66.9,66.65,66.1,66.3,66.44399999999999,0.2834501719879558
49,0.1770578384399414,0.004059145134497789,0.024103450775146484,0.0008409883886653792,1,0.9,4000,0.001,"{'comNB__estimator__alpha': 1, 'tfidf__max_df': 0.9, 'tfidf__max_features': 4000, 'tfidf__min_df': 0.001}",58.95,59.72,60.1,59.22,62.31,59.76,59.96,60.58,60.96,62.64,60.42,1.168683019471063,111,71.21,71.24,71.53,72.07,70.96,71.01,71.46,71.34,71.16,71.14,71.31199999999998,0.30465718438927264
50,0.18275794982910157,0.006588135174903036,0.02483041286468506,0.0005800360956561271,1,0.9,4000,0.0001,"{'comNB__estimator__alpha': 1, 'tfidf__max_df': 0.9, 'tfidf__max_features': 4000, 'tfidf__min_df': 0.0001}",52.84,48.31,49.96,54.18,52.18,53.4,50.7,50.89,49.65,51.92,51.403,1.7353676843827646,213,65.25,65.45,64.91,65.13,65.26,64.98,65.65,65.6,65.34,64.52,65.209,0.3239891973507774
51,0.179763126373291,0.005549804049220011,0.02530848979949951,0.0027483349644596934,1,0.9,4000,1,"{'comNB__estimator__alpha': 1, 'tfidf__max_df': 0.9, 'tfidf__max_features': 4000, 'tfidf__min_df': 1}",52.84,48.31,49.96,54.18,52.18,53.4,50.7,50.89,49.65,51.92,51.403,1.7353676843827646,213,65.25,65.45,64.91,65.13,65.26,64.98,65.65,65.6,65.34,64.52,65.209,0.3239891973507774
52,0.18022398948669432,0.005150794209076051,0.025026822090148927,0.0011279426522521475,1,0.9,4000,2,"{'comNB__estimator__alpha': 1, 'tfidf__max_df': 0.9, 'tfidf__max_features': 4000, 'tfidf__min_df': 2}",56.47,55.85,56.1,58.62,56.09,54.79,56.16,57.7,55.66,60.95,56.839,1.7054175441808972,189,69.33,69.58,69.18,70.17,69.89,69.64,69.81,70.07,69.76,68.9,69.633,0.37815473023618057
53,0.17862341403961182,0.004214906094590543,0.024789643287658692,0.0007080925116233064,1,0.9,4000,3,"{'comNB__estimator__alpha': 1, 'tfidf__max_df': 0.9, 'tfidf__max_features': 4000, 'tfidf__min_df': 3}",59.61,58.19,58.52,59.39,60.75,57.79,57.79,60.74,57.66,62.02,59.245999999999995,1.4401333271610666,159,70.83,71.03,71.1,71.33,70.77,70.47,71.36,70.97,70.64,70.89,70.939,0.26786003807959086
54,0.17663154602050782,0.004420870248814048,0.023489665985107423,0.0004448167040849131,1,1.0,2000,0.01,"{'comNB__estimator__alpha': 1, 'tfidf__max_df': 1.0, 'tfidf__max_features': 2000, 'tfidf__min_df': 0.01}",63.61,62.06,61.63,60.5,62.69,61.39,59.97,61.34,61.92,62.39,61.75,0.9960321279958793,16,66.39,66.24,65.94,66.63,66.65,66.64,66.9,66.65,66.1,66.3,66.44399999999999,0.2834501719879558
55,0.18042588233947754,0.006183689204493662,0.024959635734558106,0.0012514369105157438,1,1.0,2000,0.001,"{'comNB__estimator__alpha': 1, 'tfidf__max_df': 1.0, 'tfidf__max_features': 2000, 'tfidf__min_df': 0.001}",58.95,59.72,60.1,59.22,62.31,59.76,59.96,60.58,60.96,62.64,60.42,1.168683019471063,111,71.21,71.24,71.53,72.07,70.96,71.01,71.46,71.34,71.16,71.14,71.31199999999998,0.30465718438927264
56,0.18146467208862305,0.004830274512891305,0.0246781587600708,0.0008480633987120681,1,1.0,2000,0.0001,"{'comNB__estimator__alpha': 1, 'tfidf__max_df': 1.0, 'tfidf__max_features': 2000, 'tfidf__min_df': 0.0001}",58.85,59.25,60.69,58.92,61.16,59.02,58.9,59.82,58.79,63.53,59.892999999999994,1.4452131330706897,139,70.91,71.22,71.55,71.52,71.16,71.03,71.54,71.35,71.02,71.13,71.243,0.22289235069871818
57,0.1810772657394409,0.00557130492346611,0.02469921112060547,0.0006215165468424935,1,1.0,2000,1,"{'comNB__estimator__alpha': 1, 'tfidf__max_df': 1.0, 'tfidf__max_features': 2000, 'tfidf__min_df': 1}",58.85,59.25,60.69,58.92,61.16,59.02,58.9,59.82,58.79,63.53,59.892999999999994,1.4452131330706897,139,70.91,71.22,71.55,71.52,71.16,71.03,71.54,71.35,71.02,71.13,71.243,0.22289235069871818
58,0.18938841819763183,0.004030638891327205,0.025944948196411133,0.0015426649456850535,1,1.0,2000,2,"{'comNB__estimator__alpha': 1, 'tfidf__max_df': 1.0, 'tfidf__max_features': 2000, 'tfidf__min_df': 2}",58.6,59.29,60.42,59.06,61.04,59.39,58.82,59.65,58.94,63.7,59.891000000000005,1.4555923192982305,143,70.8,71.19,71.71,71.61,71.05,70.84,71.47,71.32,70.87,71.36,71.22200000000001,0.30941234623071995
59,0.18131482601165771,0.005348770127204522,0.02485368251800537,0.0009120256695742648,1,1.0,2000,3,"{'comNB__estimator__alpha': 1, 'tfidf__max_df': 1.0, 'tfidf__max_features': 2000, 'tfidf__min_df': 3}",58.88,59.4,60.63,58.96,61.65,59.36,58.87,59.6,58.99,62.93,59.927,1.3120064786425405,133,70.88,71.14,71.49,71.73,70.76,71.1,71.58,71.22,71.04,71.21,71.215,0.2903187902978375
60,0.17332906723022462,0.004022139425695349,0.024264025688171386,0.002677999002695387,1,1.0,3000,0.01,"{'comNB__estimator__alpha': 1, 'tfidf__max_df': 1.0, 'tfidf__max_features': 3000, 'tfidf__min_df': 0.01}",63.61,62.06,61.63,60.5,62.69,61.39,59.97,61.34,61.92,62.39,61.75,0.9960321279958793,16,66.39,66.24,65.94,66.63,66.65,66.64,66.9,66.65,66.1,66.3,66.44399999999999,0.2834501719879558
61,0.17426064014434814,0.00299814772814025,0.023912477493286132,0.00044320119290954056,1,1.0,3000,0.001,"{'comNB__estimator__alpha': 1, 'tfidf__max_df': 1.0, 'tfidf__max_features': 3000, 'tfidf__min_df': 0.001}",58.95,59.72,60.1,59.22,62.31,59.76,59.96,60.58,60.96,62.64,60.42,1.168683019471063,111,71.21,71.24,71.53,72.07,70.96,71.01,71.46,71.34,71.16,71.14,71.31199999999998,0.30465718438927264
62,0.18192629814147948,0.0057265244975615,0.02497870922088623,0.0009299010963660158,1,1.0,3000,0.0001,"{'comNB__estimator__alpha': 1, 'tfidf__max_df': 1.0, 'tfidf__max_features': 3000, 'tfidf__min_df': 0.0001}",56.12,55.38,55.66,58.59,55.75,55.19,55.47,57.37,55.71,58.05,56.32899999999999,1.1533902201770225,197,68.83,68.31,68.86,69.15,68.99,68.91,69.24,69.44,69.01,68.4,68.914,0.3305510550580634
63,0.18186841011047364,0.005481936243984985,0.024672269821166992,0.0008465657043324295,1,1.0,3000,1,"{'comNB__estimator__alpha': 1, 'tfidf__max_df': 1.0, 'tfidf__max_features': 3000, 'tfidf__min_df': 1}",56.12,55.38,55.66,58.59,55.75,55.19,55.47,57.37,55.71,58.05,56.32899999999999,1.1533902201770225,197,68.83,68.31,68.86,69.15,68.99,68.91,69.24,69.44,69.01,68.4,68.914,0.3305510550580634
64,0.18109982013702391,0.002998000721198845,0.02499704360961914,0.0007236056728264285,1,1.0,3000,2,"{'comNB__estimator__alpha': 1, 'tfidf__max_df': 1.0, 'tfidf__max_features': 3000, 'tfidf__min_df': 2}",56.47,55.85,56.1,58.62,56.09,54.79,56.16,57.7,55.66,60.95,56.839,1.7054175441808972,189,69.33,69.58,69.18,70.17,69.89,69.64,69.81,70.07,69.76,68.9,69.633,0.37815473023618057
65,0.18161287307739257,0.004418175056264464,0.02533116340637207,0.0016947947665636467,1,1.0,3000,3,"{'comNB__estimator__alpha': 1, 'tfidf__max_df': 1.0, 'tfidf__max_features': 3000, 'tfidf__min_df': 3}",59.61,58.19,58.52,59.39,60.75,57.79,57.79,60.74,57.66,62.02,59.245999999999995,1.4401333271610666,159,70.83,71.03,71.1,71.33,70.77,70.47,71.36,70.97,70.64,70.89,70.939,0.26786003807959086
66,0.180617356300354,0.00989484368910225,0.024001932144165038,0.00043541323412256704,1,1.0,4000,0.01,"{'comNB__estimator__alpha': 1, 'tfidf__max_df': 1.0, 'tfidf__max_features': 4000, 'tfidf__min_df': 0.01}",63.61,62.06,61.63,60.5,62.69,61.39,59.97,61.34,61.92,62.39,61.75,0.9960321279958793,16,66.39,66.24,65.94,66.63,66.65,66.64,66.9,66.65,66.1,66.3,66.44399999999999,0.2834501719879558
67,0.17907137870788575,0.004156649932518407,0.024413371086120607,0.000711600296451656,1,1.0,4000,0.001,"{'comNB__estimator__alpha': 1, 'tfidf__max_df': 1.0, 'tfidf__max_features': 4000, 'tfidf__min_df': 0.001}",58.95,59.72,60.1,59.22,62.31,59.76,59.96,60.58,60.96,62.64,60.42,1.168683019471063,111,71.21,71.24,71.53,72.07,70.96,71.01,71.46,71.34,71.16,71.14,71.31199999999998,0.30465718438927264
68,0.18308405876159667,0.00553382797135396,0.024704742431640624,0.0006103515140712241,1,1.0,4000,0.0001,"{'comNB__estimator__alpha': 1, 'tfidf__max_df': 1.0, 'tfidf__max_features': 4000, 'tfidf__min_df': 0.0001}",52.84,48.31,49.96,54.18,52.18,53.4,50.7,50.89,49.65,51.92,51.403,1.7353676843827646,213,65.25,65.45,64.91,65.13,65.26,64.98,65.65,65.6,65.34,64.52,65.209,0.3239891973507774
69,0.1811584234237671,0.006047680013712133,0.025162601470947267,0.0014088619984306586,1,1.0,4000,1,"{'comNB__estimator__alpha': 1, 'tfidf__max_df': 1.0, 'tfidf__max_features': 4000, 'tfidf__min_df': 1}",52.84,48.31,49.96,54.18,52.18,53.4,50.7,50.89,49.65,51.92,51.403,1.7353676843827646,213,65.25,65.45,64.91,65.13,65.26,64.98,65.65,65.6,65.34,64.52,65.209,0.3239891973507774
70,0.18798556327819824,0.00685073103279446,0.0255906343460083,0.000993918905020611,1,1.0,4000,2,"{'comNB__estimator__alpha': 1, 'tfidf__max_df': 1.0, 'tfidf__max_features': 4000, 'tfidf__min_df': 2}",56.47,55.85,56.1,58.62,56.09,54.79,56.16,57.7,55.66,60.95,56.839,1.7054175441808972,189,69.33,69.58,69.18,70.17,69.89,69.64,69.81,70.07,69.76,68.9,69.633,0.37815473023618057
71,0.1791081190109253,0.00388712670552687,0.02471463680267334,0.0006995222242625067,1,1.0,4000,3,"{'comNB__estimator__alpha': 1, 'tfidf__max_df': 1.0, 'tfidf__max_features': 4000, 'tfidf__min_df': 3}",59.61,58.19,58.52,59.39,60.75,57.79,57.79,60.74,57.66,62.02,59.245999999999995,1.4401333271610666,159,70.83,71.03,71.1,71.33,70.77,70.47,71.36,70.97,70.64,70.89,70.939,0.26786003807959086
72,0.17820045948028565,0.00593937011938449,0.0236666202545166,0.0009195194713731474,0.7,0.5,2000,0.01,"{'comNB__estimator__alpha': 0.7, 'tfidf__max_df': 0.5, 'tfidf__max_features': 2000, 'tfidf__min_df': 0.01}",62.66,61.94,61.08,59.97,63.62,61.81,60.9,61.42,62.05,62.4,61.78499999999999,0.9650725361339421,10,66.2,66.24,66.02,66.88,66.59,66.58,66.57,66.66,66.17,66.15,66.40599999999999,0.26841013393685276
73,0.18243210315704345,0.004506317858079633,0.024858951568603516,0.0007032995134323276,0.7,0.5,2000,0.001,"{'comNB__estimator__alpha': 0.7, 'tfidf__max_df': 0.5, 'tfidf__max_features': 2000, 'tfidf__min_df': 0.001}",61.09,60.92,60.95,59.52,63.38,62.42,60.1,60.92,60.83,62.79,61.29200000000001,1.1438951000856676,65,73.25,73.07,73.22,73.46,72.64,72.76,73.42,73.18,72.94,72.99,73.093,0.25310274593532084
74,0.1834486484527588,0.0045963363243141375,0.025597095489501953,0.0019785571160254576,0.7,0.5,2000,0.0001,"{'comNB__estimator__alpha': 0.7, 'tfidf__max_df': 0.5, 'tfidf__max_features': 2000, 'tfidf__min_df': 0.0001}",58.42,62.08,60.32,59.87,62.59,61.95,59.75,61.17,60.58,62.74,60.947,1.332666875104203,93,73.39,73.45,73.77,73.69,72.81,73.14,73.61,73.59,73.03,73.45,73.393,0.29298634780480703
75,0.19451217651367186,0.0341421163960592,0.024676084518432617,0.000557329200209946,0.7,0.5,2000,1,"{'comNB__estimator__alpha': 0.7, 'tfidf__max_df': 0.5, 'tfidf__max_features': 2000, 'tfidf__min_df': 1}",58.42,62.08,60.32,59.87,62.59,61.95,59.75,61.17,60.58,62.74,60.947,1.332666875104203,93,73.39,73.45,73.77,73.69,72.81,73.14,73.61,73.59,73.03,73.45,73.393,0.29298634780480703
76,0.18073220252990724,0.00528924324001691,0.024196481704711913,0.0005139844206753412,0.7,0.5,2000,2,"{'comNB__estimator__alpha': 0.7, 'tfidf__max_df': 0.5, 'tfidf__max_features': 2000, 'tfidf__min_df': 2}",59.11,62.25,60.57,59.6,62.36,61.98,59.78,61.37,60.34,63.13,61.049,1.2908636643735847,86,73.3,73.4,73.56,73.82,73.01,72.93,73.69,73.62,72.98,73.53,73.38399999999999,0.3013702042339261
77,0.17966954708099364,0.0059479611968415984,0.024396824836730956,0.0008192539759755193,0.7,0.5,2000,3,"{'comNB__estimator__alpha': 0.7, 'tfidf__max_df': 0.5, 'tfidf__max_features': 2000, 'tfidf__min_df': 3}",59.32,62.35,60.59,59.71,63.03,62.09,59.66,61.0,60.09,62.73,61.057,1.3179609250656865,85,73.4,73.37,73.76,73.96,73.0,73.08,73.96,73.49,73.06,73.48,73.45599999999999,0.3344906575675901
78,0.17754738330841063,0.0046606115837338445,0.023778724670410156,0.0005900605976539704,0.7,0.5,3000,0.01,"{'comNB__estimator__alpha': 0.7, 'tfidf__max_df': 0.5, 'tfidf__max_features': 3000, 'tfidf__min_df': 0.01}",62.66,61.94,61.08,59.97,63.62,61.81,60.9,61.42,62.05,62.4,61.78499999999999,0.9650725361339421,10,66.2,66.24,66.02,66.88,66.59,66.58,66.57,66.66,66.17,66.15,66.40599999999999,0.26841013393685276
79,0.18163108825683594,0.005032657108344621,0.025016427040100098,0.0006410959906117717,0.7,0.5,3000,0.001,"{'comNB__estimator__alpha': 0.7, 'tfidf__max_df': 0.5, 'tfidf__max_features': 3000, 'tfidf__min_df': 0.001}",61.09,60.92,60.95,59.52,63.38,62.42,60.1,60.92,60.83,62.79,61.29200000000001,1.1438951000856676,65,73.25,73.07,73.22,73.46,72.64,72.76,73.42,73.18,72.94,72.99,73.093,0.25310274593532084
80,0.18255622386932374,0.0026931563324002904,0.025874829292297362,0.0029968577847986648,0.7,0.5,3000,0.0001,"{'comNB__estimator__alpha': 0.7, 'tfidf__max_df': 0.5, 'tfidf__max_features': 3000, 'tfidf__min_df': 0.0001}",57.16,58.41,58.61,60.38,59.19,57.38,57.57,60.89,56.53,62.04,58.815999999999995,1.7050407619760886,171,73.46,73.69,73.83,73.69,73.24,73.33,73.87,73.98,73.62,73.6,73.631,0.22344798052343443
81,0.18273358345031737,0.0031111682319674154,0.02504599094390869,0.0007417574692739597,0.7,0.5,3000,1,"{'comNB__estimator__alpha': 0.7, 'tfidf__max_df': 0.5, 'tfidf__max_features': 3000, 'tfidf__min_df': 1}",57.16,58.41,58.61,60.38,59.19,57.38,57.57,60.89,56.53,62.04,58.815999999999995,1.7050407619760886,171,73.46,73.69,73.83,73.69,73.24,73.33,73.87,73.98,73.62,73.6,73.631,0.22344798052343443
82,0.17821869850158692,0.005112904067219189,0.024852633476257324,0.0007632426706164893,0.7,0.5,3000,2,"{'comNB__estimator__alpha': 0.7, 'tfidf__max_df': 0.5, 'tfidf__max_features': 3000, 'tfidf__min_df': 2}",57.37,59.03,58.96,61.86,60.6,56.91,58.4,60.29,56.65,62.42,59.24899999999999,1.9076186725863227,157,73.3,73.68,73.41,73.67,73.44,73.27,73.89,73.91,73.93,73.7,73.62,0.23811761799581543
83,0.17737340927124023,0.00338558728734176,0.025289463996887206,0.003326402705460815,0.7,0.5,3000,3,"{'comNB__estimator__alpha': 0.7, 'tfidf__max_df': 0.5, 'tfidf__max_features': 3000, 'tfidf__min_df': 3}",60.0,60.35,60.5,61.65,61.42,60.51,59.68,61.16,59.61,61.61,60.649,0.7315524588161807,104,73.39,73.5,73.78,74.27,73.36,73.42,74.06,73.68,73.59,73.66,73.671,0.2822569751131044
84,0.17590656280517578,0.0037013345018993287,0.02379729747772217,0.0008798413026747503,0.7,0.5,4000,0.01,"{'comNB__estimator__alpha': 0.7, 'tfidf__max_df': 0.5, 'tfidf__max_features': 4000, 'tfidf__min_df': 0.01}",62.66,61.94,61.08,59.97,63.62,61.81,60.9,61.42,62.05,62.4,61.78499999999999,0.9650725361339421,10,66.2,66.24,66.02,66.88,66.59,66.58,66.57,66.66,66.17,66.15,66.40599999999999,0.26841013393685276
85,0.17534666061401366,0.00394619006798856,0.024217939376831053,0.0008779148244003255,0.7,0.5,4000,0.001,"{'comNB__estimator__alpha': 0.7, 'tfidf__max_df': 0.5, 'tfidf__max_features': 4000, 'tfidf__min_df': 0.001}",61.09,60.92,60.95,59.52,63.38,62.42,60.1,60.92,60.83,62.79,61.29200000000001,1.1438951000856676,65,73.25,73.07,73.22,73.46,72.64,72.76,73.42,73.18,72.94,72.99,73.093,0.25310274593532084
86,0.18541312217712402,0.0060767449280444375,0.025489163398742676,0.0013434889515417032,0.7,0.5,4000,0.0001,"{'comNB__estimator__alpha': 0.7, 'tfidf__max_df': 0.5, 'tfidf__max_features': 4000, 'tfidf__min_df': 0.0001}",55.87,55.0,54.09,58.73,56.65,55.66,54.7,55.9,55.65,58.23,56.048,1.393856520593133,201,71.96,72.02,72.24,72.31,72.4,71.98,72.24,72.66,72.06,71.65,72.15199999999999,0.26539781461044365
87,0.1832484006881714,0.00331729461996556,0.02558286190032959,0.0010850081831650712,0.7,0.5,4000,1,"{'comNB__estimator__alpha': 0.7, 'tfidf__max_df': 0.5, 'tfidf__max_features': 4000, 'tfidf__min_df': 1}",55.87,55.0,54.09,58.73,56.65,55.66,54.7,55.9,55.65,58.23,56.048,1.393856520593133,201,71.96,72.02,72.24,72.31,72.4,71.98,72.24,72.66,72.06,71.65,72.15199999999999,0.26539781461044365
88,0.18532347679138184,0.004862291388263159,0.025291061401367186,0.0005408511483391082,0.7,0.5,4000,2,"{'comNB__estimator__alpha': 0.7, 'tfidf__max_df': 0.5, 'tfidf__max_features': 4000, 'tfidf__min_df': 2}",57.37,59.03,58.96,61.86,60.6,56.91,58.4,60.29,56.65,62.42,59.24899999999999,1.9076186725863227,157,73.3,73.68,73.41,73.67,73.44,73.27,73.89,73.91,73.93,73.7,73.62,0.23811761799581543
89,0.18336541652679444,0.006374545822509021,0.026471257209777832,0.0031230239400957334,0.7,0.5,4000,3,"{'comNB__estimator__alpha': 0.7, 'tfidf__max_df': 0.5, 'tfidf__max_features': 4000, 'tfidf__min_df': 3}",60.0,60.35,60.5,61.65,61.42,60.51,59.68,61.16,59.61,61.61,60.649,0.7315524588161807,104,73.39,73.5,73.78,74.27,73.36,73.42,74.06,73.68,73.59,73.66,73.671,0.2822569751131044
90,0.181246018409729,0.005173063105296585,0.024057579040527344,0.0004593390041322378,0.7,0.7,2000,0.01,"{'comNB__estimator__alpha': 0.7, 'tfidf__max_df': 0.7, 'tfidf__max_features': 2000, 'tfidf__min_df': 0.01}",62.85,61.99,61.2,60.34,63.2,61.61,61.12,61.43,62.08,62.12,61.794000000000004,0.8003774109755971,4,66.46,66.35,66.04,66.94,66.64,66.61,66.73,66.58,66.11,66.19,66.465,0.2749999999999995
91,0.1822812557220459,0.005998743045194311,0.02492215633392334,0.0009371316497180863,0.7,0.7,2000,0.001,"{'comNB__estimator__alpha': 0.7, 'tfidf__max_df': 0.7, 'tfidf__max_features': 2000, 'tfidf__min_df': 0.001}",60.5,62.01,60.53,59.65,63.21,62.46,60.22,60.68,60.49,62.73,61.248000000000005,1.1695281099657244,68,73.18,73.0,73.02,73.32,72.58,72.76,73.39,72.98,72.74,72.84,72.98100000000001,0.24724279564832596
92,0.18462035655975342,0.007683785173992948,0.025019049644470215,0.0006664182813147568,0.7,0.7,2000,0.0001,"{'comNB__estimator__alpha': 0.7, 'tfidf__max_df': 0.7, 'tfidf__max_features': 2000, 'tfidf__min_df': 0.0001}",60.25,62.01,60.07,59.82,63.22,61.78,59.48,61.29,60.19,63.64,61.17499999999999,1.381689183572051,79,73.28,73.23,73.42,73.56,72.76,72.87,73.49,73.42,73.02,73.32,73.237,0.255618856894399
93,0.18485472202301026,0.004475842787449112,0.025924253463745116,0.002001524859911578,0.7,0.7,2000,1,"{'comNB__estimator__alpha': 0.7, 'tfidf__max_df': 0.7, 'tfidf__max_features': 2000, 'tfidf__min_df': 1}",60.25,62.01,60.07,59.82,63.22,61.78,59.48,61.29,60.19,63.64,61.17499999999999,1.381689183572051,79,73.28,73.23,73.42,73.56,72.76,72.87,73.49,73.42,73.02,73.32,73.237,0.255618856894399
94,0.17934889793395997,0.006514365821086683,0.025198197364807128,0.0018262491037210544,0.7,0.7,2000,2,"{'comNB__estimator__alpha': 0.7, 'tfidf__max_df': 0.7, 'tfidf__max_features': 2000, 'tfidf__min_df': 2}",59.99,62.15,60.48,59.53,62.57,61.76,59.53,61.19,59.95,63.63,61.077999999999996,1.3405953901158991,84,73.41,73.18,73.29,73.51,72.88,72.93,73.55,73.44,72.98,73.28,73.245,0.23208834524809635
95,0.17617058753967285,0.002820769310048986,0.024059462547302245,0.0008742924053753892,0.7,0.7,2000,3,"{'comNB__estimator__alpha': 0.7, 'tfidf__max_df': 0.7, 'tfidf__max_features': 2000, 'tfidf__min_df': 3}",60.32,62.27,60.32,59.6,62.88,61.63,59.7,61.12,60.26,62.7,61.080000000000005,1.162196196861787,83,73.29,73.17,73.51,73.66,72.81,73.01,73.45,73.35,72.92,73.3,73.24699999999999,0.25616596182943474
96,0.17519536018371581,0.005516591133970909,0.023436617851257325,0.0003549380884155764,0.7,0.7,3000,0.01,"{'comNB__estimator__alpha': 0.7, 'tfidf__max_df': 0.7, 'tfidf__max_features': 3000, 'tfidf__min_df': 0.01}",62.85,61.99,61.2,60.34,63.2,61.61,61.12,61.43,62.08,62.12,61.794000000000004,0.8003774109755971,4,66.46,66.35,66.04,66.94,66.64,66.61,66.73,66.58,66.11,66.19,66.465,0.2749999999999995
97,0.175437068939209,0.004576139748203904,0.024308991432189942,0.0005228387024929598,0.7,0.7,3000,0.001,"{'comNB__estimator__alpha': 0.7, 'tfidf__max_df': 0.7, 'tfidf__max_features': 3000, 'tfidf__min_df': 0.001}",60.5,62.01,60.53,59.65,63.21,62.46,60.22,60.68,60.49,62.73,61.248000000000005,1.1695281099657244,68,73.18,73.0,73.02,73.32,72.58,72.76,73.39,72.98,72.74,72.84,72.98100000000001,0.24724279564832596
98,0.18057827949523925,0.004498314116156536,0.024793171882629396,0.0009540037804969622,0.7,0.7,3000,0.0001,"{'comNB__estimator__alpha': 0.7, 'tfidf__max_df': 0.7, 'tfidf__max_features': 3000, 'tfidf__min_df': 0.0001}",57.21,57.64,57.59,61.13,58.96,57.66,56.77,60.93,55.85,62.03,58.577,1.984636238709754,179,73.27,73.5,73.43,73.45,72.71,72.84,73.56,73.8,73.32,73.25,73.31299999999999,0.3096465727244539
99,0.17705388069152833,0.005344732535995571,0.025280046463012695,0.002288238824052953,0.7,0.7,3000,1,"{'comNB__estimator__alpha': 0.7, 'tfidf__max_df': 0.7, 'tfidf__max_features': 3000, 'tfidf__min_df': 1}",57.21,57.64,57.59,61.13,58.96,57.66,56.77,60.93,55.85,62.03,58.577,1.984636238709754,179,73.27,73.5,73.43,73.45,72.71,72.84,73.56,73.8,73.32,73.25,73.31299999999999,0.3096465727244539
100,0.17845728397369384,0.006216283744384246,0.02456531524658203,0.0008278368736259537,0.7,0.7,3000,2,"{'comNB__estimator__alpha': 0.7, 'tfidf__max_df': 0.7, 'tfidf__max_features': 3000, 'tfidf__min_df': 2}",57.52,58.83,58.79,62.03,60.42,57.0,57.72,60.28,55.97,62.33,59.08900000000001,2.023069202968599,163,73.08,73.33,73.36,73.43,73.27,72.99,73.54,73.61,73.64,73.46,73.37100000000001,0.20280285994038832
101,0.18035311698913575,0.0051915796082603735,0.024597573280334472,0.0008528878089831435,0.7,0.7,3000,3,"{'comNB__estimator__alpha': 0.7, 'tfidf__max_df': 0.7, 'tfidf__max_features': 3000, 'tfidf__min_df': 3}",59.62,61.06,60.21,61.39,61.25,59.77,59.1,60.98,61.05,61.65,60.60799999999999,0.8220924522217674,109,72.99,73.29,73.54,74.13,73.03,73.25,73.79,73.59,73.32,73.53,73.446,0.3290045592389267
102,0.1805723190307617,0.0052418514808476955,0.02413945198059082,0.0006387603926316564,0.7,0.7,4000,0.01,"{'comNB__estimator__alpha': 0.7, 'tfidf__max_df': 0.7, 'tfidf__max_features': 4000, 'tfidf__min_df': 0.01}",62.85,61.99,61.2,60.34,63.2,61.61,61.12,61.43,62.08,62.12,61.794000000000004,0.8003774109755971,4,66.46,66.35,66.04,66.94,66.64,66.61,66.73,66.58,66.11,66.19,66.465,0.2749999999999995
103,0.17614436149597168,0.005006256967491317,0.024473190307617188,0.0012428861374686481,0.7,0.7,4000,0.001,"{'comNB__estimator__alpha': 0.7, 'tfidf__max_df': 0.7, 'tfidf__max_features': 4000, 'tfidf__min_df': 0.001}",60.5,62.01,60.53,59.65,63.21,62.46,60.22,60.68,60.49,62.73,61.248000000000005,1.1695281099657244,68,73.18,73.0,73.02,73.32,72.58,72.76,73.39,72.98,72.74,72.84,72.98100000000001,0.24724279564832596
104,0.18627417087554932,0.005678815309695615,0.025658679008483887,0.0009620804338659919,0.7,0.7,4000,0.0001,"{'comNB__estimator__alpha': 0.7, 'tfidf__max_df': 0.7, 'tfidf__max_features': 4000, 'tfidf__min_df': 0.0001}",55.83,54.66,55.12,58.25,56.1,55.15,54.61,55.51,55.94,57.84,55.900999999999996,1.1771699112702478,203,71.41,71.48,71.74,71.96,71.82,71.34,71.85,72.41,71.58,71.07,71.66600000000001,0.35665669767999486
105,0.18179380893707275,0.00669915267284826,0.0255603551864624,0.0019846569573113257,0.7,0.7,4000,1,"{'comNB__estimator__alpha': 0.7, 'tfidf__max_df': 0.7, 'tfidf__max_features': 4000, 'tfidf__min_df': 1}",55.83,54.66,55.12,58.25,56.1,55.15,54.61,55.51,55.94,57.84,55.900999999999996,1.1771699112702478,203,71.41,71.48,71.74,71.96,71.82,71.34,71.85,72.41,71.58,71.07,71.66600000000001,0.35665669767999486
106,0.17745413780212402,0.0042716789690167185,0.024302124977111816,0.0005583933560737076,0.7,0.7,4000,2,"{'comNB__estimator__alpha': 0.7, 'tfidf__max_df': 0.7, 'tfidf__max_features': 4000, 'tfidf__min_df': 2}",57.52,58.83,58.79,62.03,60.42,57.0,57.72,60.28,55.97,62.33,59.08900000000001,2.023069202968599,163,73.08,73.33,73.36,73.43,73.27,72.99,73.54,73.61,73.64,73.46,73.37100000000001,0.20280285994038832
107,0.18052449226379394,0.006456694963236979,0.024825429916381835,0.0009414952576255476,0.7,0.7,4000,3,"{'comNB__estimator__alpha': 0.7, 'tfidf__max_df': 0.7, 'tfidf__max_features': 4000, 'tfidf__min_df': 3}",59.62,61.06,60.21,61.39,61.25,59.77,59.1,60.98,61.05,61.65,60.60799999999999,0.8220924522217674,109,72.99,73.29,73.54,74.13,73.03,73.25,73.79,73.59,73.32,73.53,73.446,0.3290045592389267
108,0.179793119430542,0.00394991292098096,0.02426788806915283,0.000595537334927465,0.7,0.9,2000,0.01,"{'comNB__estimator__alpha': 0.7, 'tfidf__max_df': 0.9, 'tfidf__max_features': 2000, 'tfidf__min_df': 0.01}",63.05,61.66,61.2,60.28,63.0,61.58,60.49,61.09,62.11,62.54,61.7,0.9222147255384712,33,66.36,66.25,66.12,66.8,66.51,66.72,66.91,66.62,66.13,66.28,66.47,0.2690353136671831
109,0.1816480875015259,0.005160478356319003,0.027224421501159668,0.00574100382608768,0.7,0.9,2000,0.001,"{'comNB__estimator__alpha': 0.7, 'tfidf__max_df': 0.9, 'tfidf__max_features': 2000, 'tfidf__min_df': 0.001}",60.62,61.24,60.52,60.32,63.41,61.84,60.04,60.93,60.58,62.85,61.235,1.0668481616425083,71,73.09,72.76,73.01,73.25,72.17,72.65,73.29,73.04,72.59,72.86,72.87100000000001,0.3235258876813419
110,0.17815160751342773,0.0042696361085423976,0.024274182319641114,0.0005648123966371391,0.7,0.9,2000,0.0001,"{'comNB__estimator__alpha': 0.7, 'tfidf__max_df': 0.9, 'tfidf__max_features': 2000, 'tfidf__min_df': 0.0001}",59.55,61.11,60.69,60.19,62.46,61.07,59.84,60.86,60.09,63.6,60.946000000000005,1.1801457537101088,95,73.26,73.0,73.35,73.61,72.49,72.72,73.55,73.2,72.64,73.11,73.09299999999999,0.36033456675706294
111,0.18226404190063478,0.002733576038426286,0.024983668327331544,0.00041503228638815876,0.7,0.9,2000,1,"{'comNB__estimator__alpha': 0.7, 'tfidf__max_df': 0.9, 'tfidf__max_features': 2000, 'tfidf__min_df': 1}",59.55,61.11,60.69,60.19,62.46,61.07,59.84,60.86,60.09,63.6,60.946000000000005,1.1801457537101088,95,73.26,73.0,73.35,73.61,72.49,72.72,73.55,73.2,72.64,73.11,73.09299999999999,0.36033456675706294
112,0.18203635215759278,0.002517826144904461,0.024549245834350586,0.0008409408990954979,0.7,0.9,2000,2,"{'comNB__estimator__alpha': 0.7, 'tfidf__max_df': 0.9, 'tfidf__max_features': 2000, 'tfidf__min_df': 2}",59.3,61.37,60.29,59.9,62.09,61.41,59.66,60.86,60.42,63.68,60.89799999999999,1.2380290788184265,99,73.37,73.01,73.42,73.65,72.58,72.81,73.47,73.21,72.75,73.29,73.15599999999999,0.3341616375348923
113,0.17868101596832275,0.003568106098547658,0.024492502212524414,0.0008812528907085736,0.7,0.9,2000,3,"{'comNB__estimator__alpha': 0.7, 'tfidf__max_df': 0.9, 'tfidf__max_features': 2000, 'tfidf__min_df': 3}",59.38,61.4,60.0,60.9,62.35,61.47,59.56,60.7,60.57,63.15,60.948,1.1305644607893872,91,73.22,73.02,73.65,73.75,72.41,72.85,73.82,73.15,72.75,73.27,73.189,0.4333001269328231
114,0.17727034091949462,0.007396804217472077,0.023651719093322754,0.0006699676041804582,0.7,0.9,3000,0.01,"{'comNB__estimator__alpha': 0.7, 'tfidf__max_df': 0.9, 'tfidf__max_features': 3000, 'tfidf__min_df': 0.01}",63.05,61.66,61.2,60.28,63.0,61.58,60.49,61.09,62.11,62.54,61.7,0.9222147255384712,33,66.36,66.25,66.12,66.8,66.51,66.72,66.91,66.62,66.13,66.28,66.47,0.2690353136671831
115,0.17935707569122314,0.005251446340405285,0.024755454063415526,0.000823803044999974,0.7,0.9,3000,0.001,"{'comNB__estimator__alpha': 0.7, 'tfidf__max_df': 0.9, 'tfidf__max_features': 3000, 'tfidf__min_df': 0.001}",60.62,61.24,60.52,60.32,63.41,61.84,60.04,60.93,60.58,62.85,61.235,1.0668481616425083,71,73.09,72.76,73.01,73.25,72.17,72.65,73.29,73.04,72.59,72.86,72.87100000000001,0.3235258876813419
116,0.1853417158126831,0.003585659719079919,0.02529449462890625,0.0006112708009134883,0.7,0.9,3000,0.0001,"{'comNB__estimator__alpha': 0.7, 'tfidf__max_df': 0.9, 'tfidf__max_features': 3000, 'tfidf__min_df': 0.0001}",57.38,56.86,57.7,60.81,59.01,57.86,56.77,60.73,56.15,61.53,58.48,1.8235953498514959,181,72.76,72.87,73.06,73.43,72.52,72.91,73.19,73.6,72.95,72.94,73.023,0.2997348828548321
117,0.18071272373199462,0.005446566467199772,0.02549436092376709,0.0022365126085341623,0.7,0.9,3000,1,"{'comNB__estimator__alpha': 0.7, 'tfidf__max_df': 0.9, 'tfidf__max_features': 3000, 'tfidf__min_df': 1}",57.38,56.86,57.7,60.81,59.01,57.86,56.77,60.73,56.15,61.53,58.48,1.8235953498514959,181,72.76,72.87,73.06,73.43,72.52,72.91,73.19,73.6,72.95,72.94,73.023,0.2997348828548321
118,0.1838376045227051,0.0048087992179462686,0.025353431701660156,0.0006764026859052187,0.7,0.9,3000,2,"{'comNB__estimator__alpha': 0.7, 'tfidf__max_df': 0.9, 'tfidf__max_features': 3000, 'tfidf__min_df': 2}",57.76,58.2,58.47,61.86,59.49,57.15,57.57,60.33,56.15,61.78,58.876,1.8387941701017003,167,72.75,73.21,73.02,73.07,72.7,72.8,73.25,73.53,73.14,73.14,73.06099999999999,0.24234066930665996
119,0.18109827041625975,0.0026501797313270683,0.02544722557067871,0.0016224069550240766,0.7,0.9,3000,3,"{'comNB__estimator__alpha': 0.7, 'tfidf__max_df': 0.9, 'tfidf__max_features': 3000, 'tfidf__min_df': 3}",59.4,60.92,59.95,61.7,61.6,59.25,59.38,59.54,59.09,62.35,60.318000000000005,1.1470292062541394,118,72.65,73.16,73.3,73.88,72.95,72.95,73.77,73.28,73.1,73.26,73.23,0.3517669683185137
120,0.17496373653411865,0.004539205118042093,0.023405981063842774,0.0006988981894586956,0.7,0.9,4000,0.01,"{'comNB__estimator__alpha': 0.7, 'tfidf__max_df': 0.9, 'tfidf__max_features': 4000, 'tfidf__min_df': 0.01}",63.05,61.66,61.2,60.28,63.0,61.58,60.49,61.09,62.11,62.54,61.7,0.9222147255384712,33,66.36,66.25,66.12,66.8,66.51,66.72,66.91,66.62,66.13,66.28,66.47,0.2690353136671831
121,0.18290514945983888,0.00534148380196356,0.025859355926513672,0.0026800854584182743,0.7,0.9,4000,0.001,"{'comNB__estimator__alpha': 0.7, 'tfidf__max_df': 0.9, 'tfidf__max_features': 4000, 'tfidf__min_df': 0.001}",60.62,61.24,60.52,60.32,63.41,61.84,60.04,60.93,60.58,62.85,61.235,1.0668481616425083,71,73.09,72.76,73.01,73.25,72.17,72.65,73.29,73.04,72.59,72.86,72.87100000000001,0.3235258876813419
122,0.18096799850463868,0.004241110477974755,0.025808882713317872,0.0012544701751073595,0.7,0.9,4000,0.0001,"{'comNB__estimator__alpha': 0.7, 'tfidf__max_df': 0.9, 'tfidf__max_features': 4000, 'tfidf__min_df': 0.0001}",55.27,53.9,54.05,58.02,55.38,55.01,54.32,56.24,55.19,57.65,55.503,1.3408508492744458,205,70.79,71.0,71.38,71.03,71.29,70.87,71.2,71.45,70.74,70.56,71.03100000000002,0.2800874863323958
123,0.18216357231140137,0.005613068438125393,0.026451706886291504,0.0029533739588162924,0.7,0.9,4000,1,"{'comNB__estimator__alpha': 0.7, 'tfidf__max_df': 0.9, 'tfidf__max_features': 4000, 'tfidf__min_df': 1}",55.27,53.9,54.05,58.02,55.38,55.01,54.32,56.24,55.19,57.65,55.503,1.3408508492744458,205,70.79,71.0,71.38,71.03,71.29,70.87,71.2,71.45,70.74,70.56,71.03100000000002,0.2800874863323958
124,0.17971475124359132,0.002522706940520881,0.02499380111694336,0.0008359166815608571,0.7,0.9,4000,2,"{'comNB__estimator__alpha': 0.7, 'tfidf__max_df': 0.9, 'tfidf__max_features': 4000, 'tfidf__min_df': 2}",57.76,58.2,58.47,61.86,59.49,57.15,57.57,60.33,56.15,61.78,58.876,1.8387941701017003,167,72.75,73.21,73.02,73.07,72.7,72.8,73.25,73.53,73.14,73.14,73.06099999999999,0.24234066930665996
125,0.1934509754180908,0.03746688039132244,0.025638461112976074,0.002443806883710079,0.7,0.9,4000,3,"{'comNB__estimator__alpha': 0.7, 'tfidf__max_df': 0.9, 'tfidf__max_features': 4000, 'tfidf__min_df': 3}",59.4,60.92,59.95,61.7,61.6,59.25,59.38,59.54,59.09,62.35,60.318000000000005,1.1470292062541394,118,72.65,73.16,73.3,73.88,72.95,72.95,73.77,73.28,73.1,73.26,73.23,0.3517669683185137
126,0.18109898567199706,0.003931659955462094,0.024523544311523437,0.0013289042157879618,0.7,1.0,2000,0.01,"{'comNB__estimator__alpha': 0.7, 'tfidf__max_df': 1.0, 'tfidf__max_features': 2000, 'tfidf__min_df': 0.01}",63.05,61.66,61.2,60.28,63.0,61.58,60.49,61.09,62.11,62.54,61.7,0.9222147255384712,33,66.36,66.25,66.12,66.8,66.51,66.72,66.91,66.62,66.13,66.28,66.47,0.2690353136671831
127,0.1811856746673584,0.0038776431770305053,0.02529430389404297,0.0019070520587661682,0.7,1.0,2000,0.001,"{'comNB__estimator__alpha': 0.7, 'tfidf__max_df': 1.0, 'tfidf__max_features': 2000, 'tfidf__min_df': 0.001}",60.62,61.24,60.52,60.32,63.41,61.84,60.04,60.93,60.58,62.85,61.235,1.0668481616425083,71,73.09,72.76,73.01,73.25,72.17,72.65,73.29,73.04,72.59,72.86,72.87100000000001,0.3235258876813419
128,0.18231260776519775,0.00477632425208616,0.02451610565185547,0.000563732298100071,0.7,1.0,2000,0.0001,"{'comNB__estimator__alpha': 0.7, 'tfidf__max_df': 1.0, 'tfidf__max_features': 2000, 'tfidf__min_df': 0.0001}",59.55,61.11,60.69,60.19,62.46,61.07,59.84,60.86,60.09,63.6,60.946000000000005,1.1801457537101088,95,73.26,73.0,73.35,73.61,72.49,72.72,73.55,73.2,72.64,73.11,73.09299999999999,0.36033456675706294
129,0.18179290294647216,0.007324113339862973,0.024729824066162108,0.0011534466195254525,0.7,1.0,2000,1,"{'comNB__estimator__alpha': 0.7, 'tfidf__max_df': 1.0, 'tfidf__max_features': 2000, 'tfidf__min_df': 1}",59.55,61.11,60.69,60.19,62.46,61.07,59.84,60.86,60.09,63.6,60.946000000000005,1.1801457537101088,95,73.26,73.0,73.35,73.61,72.49,72.72,73.55,73.2,72.64,73.11,73.09299999999999,0.36033456675706294
130,0.1805354356765747,0.005299329663565129,0.0246809720993042,0.0009236093532343161,0.7,1.0,2000,2,"{'comNB__estimator__alpha': 0.7, 'tfidf__max_df': 1.0, 'tfidf__max_features': 2000, 'tfidf__min_df': 2}",59.3,61.37,60.29,59.9,62.09,61.41,59.66,60.86,60.42,63.68,60.89799999999999,1.2380290788184265,99,73.37,73.01,73.42,73.65,72.58,72.81,73.47,73.21,72.75,73.29,73.15599999999999,0.3341616375348923
131,0.18366706371307373,0.005975893670341286,0.025118494033813478,0.0006982725032803854,0.7,1.0,2000,3,"{'comNB__estimator__alpha': 0.7, 'tfidf__max_df': 1.0, 'tfidf__max_features': 2000, 'tfidf__min_df': 3}",59.38,61.4,60.0,60.9,62.35,61.47,59.56,60.7,60.57,63.15,60.948,1.1305644607893872,91,73.22,73.02,73.65,73.75,72.41,72.85,73.82,73.15,72.75,73.27,73.189,0.4333001269328231
132,0.17962019443511962,0.005788197137134546,0.02389543056488037,0.0009157407907305535,0.7,1.0,3000,0.01,"{'comNB__estimator__alpha': 0.7, 'tfidf__max_df': 1.0, 'tfidf__max_features': 3000, 'tfidf__min_df': 0.01}",63.05,61.66,61.2,60.28,63.0,61.58,60.49,61.09,62.11,62.54,61.7,0.9222147255384712,33,66.36,66.25,66.12,66.8,66.51,66.72,66.91,66.62,66.13,66.28,66.47,0.2690353136671831
133,0.18015084266662598,0.00605292443274455,0.024316120147705077,0.0009810494718256297,0.7,1.0,3000,0.001,"{'comNB__estimator__alpha': 0.7, 'tfidf__max_df': 1.0, 'tfidf__max_features': 3000, 'tfidf__min_df': 0.001}",60.62,61.24,60.52,60.32,63.41,61.84,60.04,60.93,60.58,62.85,61.235,1.0668481616425083,71,73.09,72.76,73.01,73.25,72.17,72.65,73.29,73.04,72.59,72.86,72.87100000000001,0.3235258876813419
134,0.1809380292892456,0.008600682638060606,0.025013995170593262,0.001238981386446206,0.7,1.0,3000,0.0001,"{'comNB__estimator__alpha': 0.7, 'tfidf__max_df': 1.0, 'tfidf__max_features': 3000, 'tfidf__min_df': 0.0001}",57.38,56.86,57.7,60.81,59.01,57.86,56.77,60.73,56.15,61.53,58.48,1.8235953498514959,181,72.76,72.87,73.06,73.43,72.52,72.91,73.19,73.6,72.95,72.94,73.023,0.2997348828548321
135,0.18364601135253905,0.00345253358730728,0.025241971015930176,0.0008753165641432647,0.7,1.0,3000,1,"{'comNB__estimator__alpha': 0.7, 'tfidf__max_df': 1.0, 'tfidf__max_features': 3000, 'tfidf__min_df': 1}",57.38,56.86,57.7,60.81,59.01,57.86,56.77,60.73,56.15,61.53,58.48,1.8235953498514959,181,72.76,72.87,73.06,73.43,72.52,72.91,73.19,73.6,72.95,72.94,73.023,0.2997348828548321
136,0.1800448179244995,0.0029713759019100194,0.025434231758117674,0.0028133463989788872,0.7,1.0,3000,2,"{'comNB__estimator__alpha': 0.7, 'tfidf__max_df': 1.0, 'tfidf__max_features': 3000, 'tfidf__min_df': 2}",57.76,58.2,58.47,61.86,59.49,57.15,57.57,60.33,56.15,61.78,58.876,1.8387941701017003,167,72.75,73.21,73.02,73.07,72.7,72.8,73.25,73.53,73.14,73.14,73.06099999999999,0.24234066930665996
137,0.18763530254364014,0.005758914521697988,0.025246381759643555,0.0008780182652364047,0.7,1.0,3000,3,"{'comNB__estimator__alpha': 0.7, 'tfidf__max_df': 1.0, 'tfidf__max_features': 3000, 'tfidf__min_df': 3}",59.4,60.92,59.95,61.7,61.6,59.25,59.38,59.54,59.09,62.35,60.318000000000005,1.1470292062541394,118,72.65,73.16,73.3,73.88,72.95,72.95,73.77,73.28,73.1,73.26,73.23,0.3517669683185137
138,0.18416202068328857,0.007201162568433562,0.024167370796203614,0.0006672547476258887,0.7,1.0,4000,0.01,"{'comNB__estimator__alpha': 0.7, 'tfidf__max_df': 1.0, 'tfidf__max_features': 4000, 'tfidf__min_df': 0.01}",63.05,61.66,61.2,60.28,63.0,61.58,60.49,61.09,62.11,62.54,61.7,0.9222147255384712,33,66.36,66.25,66.12,66.8,66.51,66.72,66.91,66.62,66.13,66.28,66.47,0.2690353136671831
139,0.17689924240112304,0.004918395283669409,0.024304842948913573,0.0007550393993678227,0.7,1.0,4000,0.001,"{'comNB__estimator__alpha': 0.7, 'tfidf__max_df': 1.0, 'tfidf__max_features': 4000, 'tfidf__min_df': 0.001}",60.62,61.24,60.52,60.32,63.41,61.84,60.04,60.93,60.58,62.85,61.235,1.0668481616425083,71,73.09,72.76,73.01,73.25,72.17,72.65,73.29,73.04,72.59,72.86,72.87100000000001,0.3235258876813419
140,0.18392016887664794,0.004976904653036749,0.025652980804443358,0.0021306489779205004,0.7,1.0,4000,0.0001,"{'comNB__estimator__alpha': 0.7, 'tfidf__max_df': 1.0, 'tfidf__max_features': 4000, 'tfidf__min_df': 0.0001}",55.27,53.9,54.05,58.02,55.38,55.01,54.32,56.24,55.19,57.65,55.503,1.3408508492744458,205,70.79,71.0,71.38,71.03,71.29,70.87,71.2,71.45,70.74,70.56,71.03100000000002,0.2800874863323958
141,0.1871974229812622,0.007225173994843756,0.025617146492004396,0.0009529812467000045,0.7,1.0,4000,1,"{'comNB__estimator__alpha': 0.7, 'tfidf__max_df': 1.0, 'tfidf__max_features': 4000, 'tfidf__min_df': 1}",55.27,53.9,54.05,58.02,55.38,55.01,54.32,56.24,55.19,57.65,55.503,1.3408508492744458,205,70.79,71.0,71.38,71.03,71.29,70.87,71.2,71.45,70.74,70.56,71.03100000000002,0.2800874863323958
142,0.1806776762008667,0.0056428234199314585,0.024683761596679687,0.00097920717423959,0.7,1.0,4000,2,"{'comNB__estimator__alpha': 0.7, 'tfidf__max_df': 1.0, 'tfidf__max_features': 4000, 'tfidf__min_df': 2}",57.76,58.2,58.47,61.86,59.49,57.15,57.57,60.33,56.15,61.78,58.876,1.8387941701017003,167,72.75,73.21,73.02,73.07,72.7,72.8,73.25,73.53,73.14,73.14,73.06099999999999,0.24234066930665996
143,0.17940762042999267,0.005645617417646749,0.02458052635192871,0.0007291472484294378,0.7,1.0,4000,3,"{'comNB__estimator__alpha': 0.7, 'tfidf__max_df': 1.0, 'tfidf__max_features': 4000, 'tfidf__min_df': 3}",59.4,60.92,59.95,61.7,61.6,59.25,59.38,59.54,59.09,62.35,60.318000000000005,1.1470292062541394,118,72.65,73.16,73.3,73.88,72.95,72.95,73.77,73.28,73.1,73.26,73.23,0.3517669683185137
144,0.17725303173065185,0.005950199958663754,0.023807811737060546,0.002118166688120417,0.4,0.5,2000,0.01,"{'comNB__estimator__alpha': 0.4, 'tfidf__max_df': 0.5, 'tfidf__max_features': 2000, 'tfidf__min_df': 0.01}",62.41,61.75,61.16,59.79,63.78,61.66,60.91,61.72,61.38,62.63,61.718999999999994,1.0179631623983265,30,66.3,66.17,65.78,66.81,66.5,66.64,66.59,66.86,66.17,66.02,66.38399999999999,0.3354757815401886
145,0.17742292881011962,0.003515890900729381,0.024210476875305177,0.00025543571624215075,0.4,0.5,2000,0.001,"{'comNB__estimator__alpha': 0.4, 'tfidf__max_df': 0.5, 'tfidf__max_features': 2000, 'tfidf__min_df': 0.001}",60.29,62.03,62.42,60.1,63.64,62.78,58.67,60.67,61.55,62.72,61.487,1.447632895453816,52,74.07,73.89,74.11,74.43,73.74,73.91,74.05,74.05,74.19,74.14,74.058,0.17797752667120884
146,0.17844860553741454,0.006161027534622797,0.024289965629577637,0.0005507179171081406,0.4,0.5,2000,0.0001,"{'comNB__estimator__alpha': 0.4, 'tfidf__max_df': 0.5, 'tfidf__max_features': 2000, 'tfidf__min_df': 0.0001}",60.7,62.41,62.35,62.11,63.05,62.05,58.74,60.7,60.58,62.92,61.561,1.2787059865348238,46,74.59,74.27,74.54,74.91,74.17,74.27,74.62,74.63,74.55,74.72,74.527,0.21619666972458207
147,0.17832982540130615,0.005133830695648071,0.024561309814453126,0.0008316543532690181,0.4,0.5,2000,1,"{'comNB__estimator__alpha': 0.4, 'tfidf__max_df': 0.5, 'tfidf__max_features': 2000, 'tfidf__min_df': 1}",60.7,62.41,62.35,62.11,63.05,62.05,58.74,60.7,60.58,62.92,61.561,1.2787059865348238,46,74.59,74.27,74.54,74.91,74.17,74.27,74.62,74.63,74.55,74.72,74.527,0.21619666972458207
148,0.17707335948944092,0.0039431353360705945,0.02508535385131836,0.002833289868349511,0.4,0.5,2000,2,"{'comNB__estimator__alpha': 0.4, 'tfidf__max_df': 0.5, 'tfidf__max_features': 2000, 'tfidf__min_df': 2}",60.7,62.31,62.14,62.61,62.48,62.33,58.74,60.65,60.59,62.95,61.55,1.2582845465156114,48,74.62,74.26,74.39,74.96,74.56,74.16,74.79,74.55,74.56,74.8,74.56499999999998,0.23512762491889305
149,0.179693865776062,0.005035141523764393,0.025761175155639648,0.0029665282071971236,0.4,0.5,2000,3,"{'comNB__estimator__alpha': 0.4, 'tfidf__max_df': 0.5, 'tfidf__max_features': 2000, 'tfidf__min_df': 3}",60.85,62.35,62.06,62.03,63.45,62.62,58.71,60.42,60.66,62.8,61.59499999999999,1.3435866179744425,45,74.77,74.2,74.56,74.85,74.22,74.29,74.82,74.42,74.68,74.68,74.549,0.23687338389949805
150,0.17649381160736083,0.003987924779289676,0.023632907867431642,0.0009935112354315923,0.4,0.5,3000,0.01,"{'comNB__estimator__alpha': 0.4, 'tfidf__max_df': 0.5, 'tfidf__max_features': 3000, 'tfidf__min_df': 0.01}",62.41,61.75,61.16,59.79,63.78,61.66,60.91,61.72,61.38,62.63,61.718999999999994,1.0179631623983265,30,66.3,66.17,65.78,66.81,66.5,66.64,66.59,66.86,66.17,66.02,66.38399999999999,0.3354757815401886
151,0.17847692966461182,0.0034167534128360295,0.025626182556152344,0.0021709829712032182,0.4,0.5,3000,0.001,"{'comNB__estimator__alpha': 0.4, 'tfidf__max_df': 0.5, 'tfidf__max_features': 3000, 'tfidf__min_df': 0.001}",60.29,62.03,62.42,60.1,63.64,62.78,58.67,60.67,61.55,62.72,61.487,1.447632895453816,52,74.07,73.89,74.11,74.43,73.74,73.91,74.05,74.05,74.19,74.14,74.058,0.17797752667120884
152,0.18088982105255128,0.003699775319887377,0.024602222442626952,0.001047810155581896,0.4,0.5,3000,0.0001,"{'comNB__estimator__alpha': 0.4, 'tfidf__max_df': 0.5, 'tfidf__max_features': 3000, 'tfidf__min_df': 0.0001}",58.37,60.11,59.95,61.81,61.12,60.23,58.56,59.78,58.4,61.36,59.96900000000001,1.1737499733759318,129,76.66,76.9,76.98,76.73,76.83,76.55,76.96,77.44,76.5,76.87,76.842,0.25352711886502394
153,0.18079099655151368,0.006177095377339987,0.02461252212524414,0.0009176427162708721,0.4,0.5,3000,1,"{'comNB__estimator__alpha': 0.4, 'tfidf__max_df': 0.5, 'tfidf__max_features': 3000, 'tfidf__min_df': 1}",58.37,60.11,59.95,61.81,61.12,60.23,58.56,59.78,58.4,61.36,59.96900000000001,1.1737499733759318,129,76.66,76.9,76.98,76.73,76.83,76.55,76.96,77.44,76.5,76.87,76.842,0.25352711886502394
154,0.17660930156707763,0.005022615677857062,0.02472715377807617,0.0016681412290396249,0.4,0.5,3000,2,"{'comNB__estimator__alpha': 0.4, 'tfidf__max_df': 0.5, 'tfidf__max_features': 3000, 'tfidf__min_df': 2}",58.05,60.13,59.65,62.08,60.84,60.05,58.49,60.13,58.09,60.93,59.843999999999994,1.2467172895247742,149,76.3,76.35,76.53,76.59,76.2,76.27,76.62,76.7,76.24,76.61,76.441,0.17711295830627638
155,0.17617645263671874,0.004099591410173681,0.0254457950592041,0.0026251483503933744,0.4,0.5,3000,3,"{'comNB__estimator__alpha': 0.4, 'tfidf__max_df': 0.5, 'tfidf__max_features': 3000, 'tfidf__min_df': 3}",60.59,61.13,62.32,63.12,62.55,61.19,58.91,60.6,59.8,61.68,61.188999999999986,1.2220347785558314,77,74.61,75.16,74.9,75.43,74.71,74.51,75.59,75.11,74.97,75.02,75.001,0.3253136947624564
156,0.17675318717956542,0.0044628424537713155,0.02377302646636963,0.0008837131344390333,0.4,0.5,4000,0.01,"{'comNB__estimator__alpha': 0.4, 'tfidf__max_df': 0.5, 'tfidf__max_features': 4000, 'tfidf__min_df': 0.01}",62.41,61.75,61.16,59.79,63.78,61.66,60.91,61.72,61.38,62.63,61.718999999999994,1.0179631623983265,30,66.3,66.17,65.78,66.81,66.5,66.64,66.59,66.86,66.17,66.02,66.38399999999999,0.3354757815401886
157,0.18042292594909667,0.0059828148757652775,0.024341559410095213,0.0007721297895091143,0.4,0.5,4000,0.001,"{'comNB__estimator__alpha': 0.4, 'tfidf__max_df': 0.5, 'tfidf__max_features': 4000, 'tfidf__min_df': 0.001}",60.29,62.03,62.42,60.1,63.64,62.78,58.67,60.67,61.55,62.72,61.487,1.447632895453816,52,74.07,73.89,74.11,74.43,73.74,73.91,74.05,74.05,74.19,74.14,74.058,0.17797752667120884
158,0.1801760196685791,0.004899298109103854,0.024948859214782716,0.0008297717294079213,0.4,0.5,4000,0.0001,"{'comNB__estimator__alpha': 0.4, 'tfidf__max_df': 0.5, 'tfidf__max_features': 4000, 'tfidf__min_df': 0.0001}",57.04,58.58,59.01,61.69,59.8,57.56,56.89,59.77,56.97,61.61,58.891999999999996,1.727112040372598,165,77.24,77.72,77.57,77.85,77.13,77.34,77.68,77.54,77.41,77.67,77.515,0.21786463687345037
159,0.1782148838043213,0.00449560501737605,0.025249791145324708,0.0011261898071159477,0.4,0.5,4000,1,"{'comNB__estimator__alpha': 0.4, 'tfidf__max_df': 0.5, 'tfidf__max_features': 4000, 'tfidf__min_df': 1}",57.04,58.58,59.01,61.69,59.8,57.56,56.89,59.77,56.97,61.61,58.891999999999996,1.727112040372598,165,77.24,77.72,77.57,77.85,77.13,77.34,77.68,77.54,77.41,77.67,77.515,0.21786463687345037
160,0.17772023677825927,0.00427232615975954,0.02466747760772705,0.0009694204353917699,0.4,0.5,4000,2,"{'comNB__estimator__alpha': 0.4, 'tfidf__max_df': 0.5, 'tfidf__max_features': 4000, 'tfidf__min_df': 2}",58.05,60.13,59.65,62.08,60.84,60.05,58.49,60.13,58.09,60.93,59.843999999999994,1.2467172895247742,149,76.3,76.35,76.53,76.59,76.2,76.27,76.62,76.7,76.24,76.61,76.441,0.17711295830627638
161,0.17797679901123048,0.004038722174663338,0.02510209083557129,0.002057416666095319,0.4,0.5,4000,3,"{'comNB__estimator__alpha': 0.4, 'tfidf__max_df': 0.5, 'tfidf__max_features': 4000, 'tfidf__min_df': 3}",60.59,61.13,62.32,63.12,62.55,61.19,58.91,60.6,59.8,61.68,61.188999999999986,1.2220347785558314,77,74.61,75.16,74.9,75.43,74.71,74.51,75.59,75.11,74.97,75.02,75.001,0.3253136947624564
162,0.1760991096496582,0.005648379646493166,0.02351527214050293,0.0008720673675007809,0.4,0.7,2000,0.01,"{'comNB__estimator__alpha': 0.4, 'tfidf__max_df': 0.7, 'tfidf__max_features': 2000, 'tfidf__min_df': 0.01}",62.48,61.79,61.06,60.17,63.78,61.67,61.06,61.76,61.67,62.5,61.794,0.9305933590994505,7,66.38,66.14,65.94,66.97,66.45,66.94,66.69,66.73,66.33,66.13,66.47,0.33472376670920817
163,0.17612190246582032,0.005036113322110771,0.02492046356201172,0.0022235855743920727,0.4,0.7,2000,0.001,"{'comNB__estimator__alpha': 0.4, 'tfidf__max_df': 0.7, 'tfidf__max_features': 2000, 'tfidf__min_df': 0.001}",60.65,61.61,62.13,59.96,63.75,62.83,58.7,60.11,61.15,62.9,61.379,1.4846780795849306,56,74.16,73.77,74.11,74.4,73.76,73.81,73.92,74.08,74.21,74.06,74.02799999999999,0.19923855048659608
164,0.18330345153808594,0.005323855155272938,0.02527573108673096,0.0010493691727247,0.4,0.7,2000,0.0001,"{'comNB__estimator__alpha': 0.4, 'tfidf__max_df': 0.7, 'tfidf__max_features': 2000, 'tfidf__min_df': 0.0001}",60.74,62.1,61.89,61.63,63.4,62.47,58.44,60.68,59.92,63.64,61.491,1.5089297531694443,49,74.38,74.28,74.21,74.75,74.22,73.93,74.6,74.59,74.38,74.71,74.405,0.24475497952033415
165,0.17749629020690919,0.0037482308806971653,0.024420642852783205,0.0007643533896435709,0.4,0.7,2000,1,"{'comNB__estimator__alpha': 0.4, 'tfidf__max_df': 0.7, 'tfidf__max_features': 2000, 'tfidf__min_df': 1}",60.74,62.1,61.89,61.63,63.4,62.47,58.44,60.68,59.92,63.64,61.491,1.5089297531694443,49,74.38,74.28,74.21,74.75,74.22,73.93,74.6,74.59,74.38,74.71,74.405,0.24475497952033415
166,0.1760789155960083,0.0035955878030815365,0.024072551727294923,0.000615959382023192,0.4,0.7,2000,2,"{'comNB__estimator__alpha': 0.4, 'tfidf__max_df': 0.7, 'tfidf__max_features': 2000, 'tfidf__min_df': 2}",60.73,62.33,62.55,61.54,62.81,62.09,58.56,60.42,59.82,63.32,61.41700000000001,1.4256931647447844,55,74.52,74.1,74.18,74.68,74.36,74.05,74.61,74.57,74.46,74.72,74.42500000000001,0.22979338545745873
167,0.17448012828826903,0.0033934823119926476,0.025410914421081544,0.002866671270500687,0.4,0.7,2000,3,"{'comNB__estimator__alpha': 0.4, 'tfidf__max_df': 0.7, 'tfidf__max_features': 2000, 'tfidf__min_df': 3}",60.89,62.13,61.82,61.59,63.66,62.43,59.04,60.23,60.0,63.09,61.488,1.3729952658330622,51,74.45,74.24,74.34,74.69,74.18,74.02,74.57,74.52,74.57,74.64,74.422,0.20822103640122328
168,0.17700178623199464,0.005126645390210449,0.023922276496887208,0.001972896639383873,0.4,0.7,3000,0.01,"{'comNB__estimator__alpha': 0.4, 'tfidf__max_df': 0.7, 'tfidf__max_features': 3000, 'tfidf__min_df': 0.01}",62.48,61.79,61.06,60.17,63.78,61.67,61.06,61.76,61.67,62.5,61.794,0.9305933590994505,7,66.38,66.14,65.94,66.97,66.45,66.94,66.69,66.73,66.33,66.13,66.47,0.33472376670920817
169,0.17780795097351074,0.004946624709365906,0.0248887300491333,0.0011456120420559048,0.4,0.7,3000,0.001,"{'comNB__estimator__alpha': 0.4, 'tfidf__max_df': 0.7, 'tfidf__max_features': 3000, 'tfidf__min_df': 0.001}",60.65,61.61,62.13,59.96,63.75,62.83,58.7,60.11,61.15,62.9,61.379,1.4846780795849306,56,74.16,73.77,74.11,74.4,73.76,73.81,73.92,74.08,74.21,74.06,74.02799999999999,0.19923855048659608
170,0.18057355880737305,0.004188328688752031,0.025803613662719726,0.002673068067881842,0.4,0.7,3000,0.0001,"{'comNB__estimator__alpha': 0.4, 'tfidf__max_df': 0.7, 'tfidf__max_features': 3000, 'tfidf__min_df': 0.0001}",58.42,60.44,59.91,61.96,60.62,59.72,58.65,59.66,58.98,61.27,59.963,1.076113841561385,131,76.62,76.75,76.62,76.64,76.4,76.39,76.94,76.88,76.46,76.58,76.62800000000001,0.17752746266422995
171,0.1804029941558838,0.004649693594431552,0.024560189247131346,0.0007428833193907695,0.4,0.7,3000,1,"{'comNB__estimator__alpha': 0.4, 'tfidf__max_df': 0.7, 'tfidf__max_features': 3000, 'tfidf__min_df': 1}",58.42,60.44,59.91,61.96,60.62,59.72,58.65,59.66,58.98,61.27,59.963,1.076113841561385,131,76.62,76.75,76.62,76.64,76.4,76.39,76.94,76.88,76.46,76.58,76.62800000000001,0.17752746266422995
172,0.18306381702423097,0.00665896966704069,0.026082110404968262,0.002443825165687897,0.4,0.7,3000,2,"{'comNB__estimator__alpha': 0.4, 'tfidf__max_df': 0.7, 'tfidf__max_features': 3000, 'tfidf__min_df': 2}",58.14,60.08,59.6,61.77,60.66,59.79,58.84,59.34,58.37,60.73,59.732000000000006,1.071977611706513,151,76.37,76.27,76.41,76.45,76.11,76.06,76.54,76.59,76.1,76.36,76.326,0.17681628884240475
173,0.1854464292526245,0.006022280388961851,0.025419211387634276,0.0008378530486895594,0.4,0.7,3000,3,"{'comNB__estimator__alpha': 0.4, 'tfidf__max_df': 0.7, 'tfidf__max_features': 3000, 'tfidf__min_df': 3}",60.28,61.7,61.89,62.97,62.56,61.31,58.57,60.32,60.13,61.56,61.129,1.24428654256164,81,74.57,74.99,74.75,75.35,74.82,74.4,75.57,74.98,74.93,74.96,74.93199999999999,0.32372210304518695
174,0.18111732006072997,0.004235132901059652,0.025459957122802735,0.003079322985698778,0.4,0.7,4000,0.01,"{'comNB__estimator__alpha': 0.4, 'tfidf__max_df': 0.7, 'tfidf__max_features': 4000, 'tfidf__min_df': 0.01}",62.48,61.79,61.06,60.17,63.78,61.67,61.06,61.76,61.67,62.5,61.794,0.9305933590994505,7,66.38,66.14,65.94,66.97,66.45,66.94,66.69,66.73,66.33,66.13,66.47,0.33472376670920817
175,0.17657091617584228,0.0043740099789021485,0.024241209030151367,0.0006952133278423765,0.4,0.7,4000,0.001,"{'comNB__estimator__alpha': 0.4, 'tfidf__max_df': 0.7, 'tfidf__max_features': 4000, 'tfidf__min_df': 0.001}",60.65,61.61,62.13,59.96,63.75,62.83,58.7,60.11,61.15,62.9,61.379,1.4846780795849306,56,74.16,73.77,74.11,74.4,73.76,73.81,73.92,74.08,74.21,74.06,74.02799999999999,0.19923855048659608
176,0.19000303745269775,0.02783444550577841,0.025733423233032227,0.0026294653528554464,0.4,0.7,4000,0.0001,"{'comNB__estimator__alpha': 0.4, 'tfidf__max_df': 0.7, 'tfidf__max_features': 4000, 'tfidf__min_df': 0.0001}",57.24,59.1,58.14,61.5,59.68,57.59,56.44,59.6,56.2,62.01,58.75,1.8904073635066059,173,76.77,77.42,77.27,77.65,77.01,77.04,77.45,77.24,77.08,77.26,77.21900000000001,0.24101659693888433
177,0.1806787967681885,0.0060926404191663655,0.02449018955230713,0.0007101295841646564,0.4,0.7,4000,1,"{'comNB__estimator__alpha': 0.4, 'tfidf__max_df': 0.7, 'tfidf__max_features': 4000, 'tfidf__min_df': 1}",57.24,59.1,58.14,61.5,59.68,57.59,56.44,59.6,56.2,62.01,58.75,1.8904073635066059,173,76.77,77.42,77.27,77.65,77.01,77.04,77.45,77.24,77.08,77.26,77.21900000000001,0.24101659693888433
178,0.17905721664428711,0.007711138251509584,0.024216318130493165,0.0004104931435331026,0.4,0.7,4000,2,"{'comNB__estimator__alpha': 0.4, 'tfidf__max_df': 0.7, 'tfidf__max_features': 4000, 'tfidf__min_df': 2}",58.14,60.08,59.6,61.77,60.66,59.79,58.84,59.34,58.37,60.73,59.732000000000006,1.071977611706513,151,76.37,76.27,76.41,76.45,76.11,76.06,76.54,76.59,76.1,76.36,76.326,0.17681628884240475
179,0.17894070148468016,0.004209940586327416,0.024387359619140625,0.0006663070427302674,0.4,0.7,4000,3,"{'comNB__estimator__alpha': 0.4, 'tfidf__max_df': 0.7, 'tfidf__max_features': 4000, 'tfidf__min_df': 3}",60.28,61.7,61.89,62.97,62.56,61.31,58.57,60.32,60.13,61.56,61.129,1.24428654256164,81,74.57,74.99,74.75,75.35,74.82,74.4,75.57,74.98,74.93,74.96,74.93199999999999,0.32372210304518695
180,0.17925615310668946,0.004572933907829467,0.024984169006347656,0.0022947096499631426,0.4,0.9,2000,0.01,"{'comNB__estimator__alpha': 0.4, 'tfidf__max_df': 0.9, 'tfidf__max_features': 2000, 'tfidf__min_df': 0.01}",62.86,61.38,61.02,60.49,63.67,61.65,61.01,61.4,61.52,62.49,61.749,0.9195917572488349,22,66.27,66.24,65.97,66.86,66.58,66.87,66.83,66.76,66.13,66.11,66.46199999999999,0.33546385796386663
181,0.1785961627960205,0.006569475131944242,0.02506594657897949,0.001623747329879572,0.4,0.9,2000,0.001,"{'comNB__estimator__alpha': 0.4, 'tfidf__max_df': 0.9, 'tfidf__max_features': 2000, 'tfidf__min_df': 0.001}",60.48,61.94,62.48,60.02,63.16,62.64,58.65,60.52,60.75,63.09,61.373000000000005,1.4301122333579275,59,74.14,73.78,74.08,74.31,73.59,73.77,73.92,74.09,74.03,74.01,73.97200000000001,0.1997898896340856
182,0.18203880786895751,0.0057120114272934,0.024811959266662596,0.0007209597947542096,0.4,0.9,2000,0.0001,"{'comNB__estimator__alpha': 0.4, 'tfidf__max_df': 0.9, 'tfidf__max_features': 2000, 'tfidf__min_df': 0.0001}",60.99,61.8,62.47,61.86,62.88,62.51,58.84,60.45,60.54,63.84,61.61800000000001,1.3704437237624896,41,74.53,74.34,74.52,74.73,74.23,73.88,74.58,74.52,74.49,74.59,74.441,0.2274401020049024
183,0.1795952320098877,0.004563136628498884,0.024299144744873047,0.0005192143164931549,0.4,0.9,2000,1,"{'comNB__estimator__alpha': 0.4, 'tfidf__max_df': 0.9, 'tfidf__max_features': 2000, 'tfidf__min_df': 1}",60.99,61.8,62.47,61.86,62.88,62.51,58.84,60.45,60.54,63.84,61.61800000000001,1.3704437237624896,41,74.53,74.34,74.52,74.73,74.23,73.88,74.58,74.52,74.49,74.59,74.441,0.2274401020049024
184,0.17909798622131348,0.005191968081194414,0.024367380142211913,0.0006170225087973153,0.4,0.9,2000,2,"{'comNB__estimator__alpha': 0.4, 'tfidf__max_df': 0.9, 'tfidf__max_features': 2000, 'tfidf__min_df': 2}",60.68,62.41,62.87,61.64,62.45,62.67,59.05,60.49,60.71,64.29,61.726,1.4348672412456855,28,74.41,74.17,74.57,74.79,74.44,74.07,74.41,74.4,74.57,74.63,74.446,0.2013057376231496
185,0.18168299198150634,0.00486699755060358,0.02502710819244385,0.0010478747989233052,0.4,0.9,2000,3,"{'comNB__estimator__alpha': 0.4, 'tfidf__max_df': 0.9, 'tfidf__max_features': 2000, 'tfidf__min_df': 3}",61.03,62.4,62.03,62.26,63.09,62.95,58.73,60.47,60.35,63.65,61.696000000000005,1.4427279715871606,39,74.48,74.33,74.53,74.75,74.13,74.1,74.6,74.43,74.66,74.62,74.463,0.20755962998618155
186,0.17933835983276367,0.004848093354865014,0.02382059097290039,0.0005057619213821585,0.4,0.9,3000,0.01,"{'comNB__estimator__alpha': 0.4, 'tfidf__max_df': 0.9, 'tfidf__max_features': 3000, 'tfidf__min_df': 0.01}",62.86,61.38,61.02,60.49,63.67,61.65,61.01,61.4,61.52,62.49,61.749,0.9195917572488349,22,66.27,66.24,65.97,66.86,66.58,66.87,66.83,66.76,66.13,66.11,66.46199999999999,0.33546385796386663
187,0.18063266277313234,0.0041309109678815915,0.024835824966430664,0.0005653766110296173,0.4,0.9,3000,0.001,"{'comNB__estimator__alpha': 0.4, 'tfidf__max_df': 0.9, 'tfidf__max_features': 3000, 'tfidf__min_df': 0.001}",60.48,61.94,62.48,60.02,63.16,62.64,58.65,60.52,60.75,63.09,61.373000000000005,1.4301122333579275,59,74.14,73.78,74.08,74.31,73.59,73.77,73.92,74.09,74.03,74.01,73.97200000000001,0.1997898896340856
188,0.18115758895874023,0.006439804312976286,0.02546088695526123,0.0023592343830368245,0.4,0.9,3000,0.0001,"{'comNB__estimator__alpha': 0.4, 'tfidf__max_df': 0.9, 'tfidf__max_features': 3000, 'tfidf__min_df': 0.0001}",58.42,60.6,59.39,62.22,61.11,59.09,58.16,59.53,58.69,61.4,59.861000000000004,1.3155413334441453,145,76.49,76.6,76.59,76.89,76.4,76.17,76.55,76.93,76.24,76.53,76.539,0.2301933969513474
189,0.1797484874725342,0.00632755060819209,0.024632072448730467,0.0007976169985023523,0.4,0.9,3000,1,"{'comNB__estimator__alpha': 0.4, 'tfidf__max_df': 0.9, 'tfidf__max_features': 3000, 'tfidf__min_df': 1}",58.42,60.6,59.39,62.22,61.11,59.09,58.16,59.53,58.69,61.4,59.861000000000004,1.3155413334441453,145,76.49,76.6,76.59,76.89,76.4,76.17,76.55,76.93,76.24,76.53,76.539,0.2301933969513474
190,0.18551535606384278,0.006277455186836314,0.025066208839416505,0.0006454492243176209,0.4,0.9,3000,2,"{'comNB__estimator__alpha': 0.4, 'tfidf__max_df': 0.9, 'tfidf__max_features': 3000, 'tfidf__min_df': 2}",58.12,60.02,60.02,61.85,60.58,59.76,58.53,59.67,58.89,61.78,59.922000000000004,1.1815735271238947,135,76.04,76.16,76.28,76.27,76.01,76.02,76.27,76.41,76.09,76.4,76.19500000000001,0.14417003849621357
191,0.1795046806335449,0.004541239852898723,0.02470862865447998,0.0008269000348003011,0.4,0.9,3000,3,"{'comNB__estimator__alpha': 0.4, 'tfidf__max_df': 0.9, 'tfidf__max_features': 3000, 'tfidf__min_df': 3}",60.52,61.37,61.75,62.38,62.55,61.17,58.75,60.31,60.3,61.01,61.01099999999999,1.062689512510592,87,74.46,75.12,74.73,75.1,74.61,74.46,75.6,74.75,74.74,74.9,74.847,0.3314528624103285
192,0.17839620113372803,0.0044184860252346895,0.024889206886291503,0.0024961343363123158,0.4,0.9,4000,0.01,"{'comNB__estimator__alpha': 0.4, 'tfidf__max_df': 0.9, 'tfidf__max_features': 4000, 'tfidf__min_df': 0.01}",62.86,61.38,61.02,60.49,63.67,61.65,61.01,61.4,61.52,62.49,61.749,0.9195917572488349,22,66.27,66.24,65.97,66.86,66.58,66.87,66.83,66.76,66.13,66.11,66.46199999999999,0.33546385796386663
193,0.1804023265838623,0.005568051680958037,0.02479701042175293,0.0006176946301950904,0.4,0.9,4000,0.001,"{'comNB__estimator__alpha': 0.4, 'tfidf__max_df': 0.9, 'tfidf__max_features': 4000, 'tfidf__min_df': 0.001}",60.48,61.94,62.48,60.02,63.16,62.64,58.65,60.52,60.75,63.09,61.373000000000005,1.4301122333579275,59,74.14,73.78,74.08,74.31,73.59,73.77,73.92,74.09,74.03,74.01,73.97200000000001,0.1997898896340856
194,0.18060295581817626,0.0069616621118596045,0.02452378273010254,0.0006385349139467221,0.4,0.9,4000,0.0001,"{'comNB__estimator__alpha': 0.4, 'tfidf__max_df': 0.9, 'tfidf__max_features': 4000, 'tfidf__min_df': 0.0001}",57.3,58.21,58.15,61.59,59.64,57.7,55.9,59.52,56.41,61.58,58.6,1.8625036912715112,175,76.5,77.19,76.91,77.41,76.73,76.76,77.17,76.89,76.7,76.74,76.9,0.26294486114012455
195,0.18461205959320068,0.0064418916819210725,0.025380587577819823,0.0007360118890789917,0.4,0.9,4000,1,"{'comNB__estimator__alpha': 0.4, 'tfidf__max_df': 0.9, 'tfidf__max_features': 4000, 'tfidf__min_df': 1}",57.3,58.21,58.15,61.59,59.64,57.7,55.9,59.52,56.41,61.58,58.6,1.8625036912715112,175,76.5,77.19,76.91,77.41,76.73,76.76,77.17,76.89,76.7,76.74,76.9,0.26294486114012455
196,0.18192124366760254,0.002325605423551503,0.024805998802185057,0.0008059981563545862,0.4,0.9,4000,2,"{'comNB__estimator__alpha': 0.4, 'tfidf__max_df': 0.9, 'tfidf__max_features': 4000, 'tfidf__min_df': 2}",58.12,60.02,60.02,61.85,60.58,59.76,58.53,59.67,58.89,61.78,59.922000000000004,1.1815735271238947,135,76.04,76.16,76.28,76.27,76.01,76.02,76.27,76.41,76.09,76.4,76.19500000000001,0.14417003849621357
197,0.17706825733184814,0.004249814997145656,0.02415943145751953,0.0007426202564876882,0.4,0.9,4000,3,"{'comNB__estimator__alpha': 0.4, 'tfidf__max_df': 0.9, 'tfidf__max_features': 4000, 'tfidf__min_df': 3}",60.52,61.37,61.75,62.38,62.55,61.17,58.75,60.31,60.3,61.01,61.01099999999999,1.062689512510592,87,74.46,75.12,74.73,75.1,74.61,74.46,75.6,74.75,74.74,74.9,74.847,0.3314528624103285
198,0.1799773931503296,0.004155638538620704,0.023936915397644042,0.0005328608204380112,0.4,1.0,2000,0.01,"{'comNB__estimator__alpha': 0.4, 'tfidf__max_df': 1.0, 'tfidf__max_features': 2000, 'tfidf__min_df': 0.01}",62.86,61.38,61.02,60.49,63.67,61.65,61.01,61.4,61.52,62.49,61.749,0.9195917572488349,22,66.27,66.24,65.97,66.86,66.58,66.87,66.83,66.76,66.13,66.11,66.46199999999999,0.33546385796386663
199,0.17984068393707275,0.004471801640159608,0.02504398822784424,0.0014449519561784432,0.4,1.0,2000,0.001,"{'comNB__estimator__alpha': 0.4, 'tfidf__max_df': 1.0, 'tfidf__max_features': 2000, 'tfidf__min_df': 0.001}",60.48,61.94,62.48,60.02,63.16,62.64,58.65,60.52,60.75,63.09,61.373000000000005,1.4301122333579275,59,74.14,73.78,74.08,74.31,73.59,73.77,73.92,74.09,74.03,74.01,73.97200000000001,0.1997898896340856
200,0.18081181049346923,0.008317894082336233,0.024199390411376955,0.000530037246152471,0.4,1.0,2000,0.0001,"{'comNB__estimator__alpha': 0.4, 'tfidf__max_df': 1.0, 'tfidf__max_features': 2000, 'tfidf__min_df': 0.0001}",60.99,61.8,62.47,61.86,62.88,62.51,58.84,60.45,60.54,63.84,61.61800000000001,1.3704437237624896,41,74.53,74.34,74.52,74.73,74.23,73.88,74.58,74.52,74.49,74.59,74.441,0.2274401020049024
201,0.1801196575164795,0.004113742487432767,0.02613101005554199,0.0029783950697233937,0.4,1.0,2000,1,"{'comNB__estimator__alpha': 0.4, 'tfidf__max_df': 1.0, 'tfidf__max_features': 2000, 'tfidf__min_df': 1}",60.99,61.8,62.47,61.86,62.88,62.51,58.84,60.45,60.54,63.84,61.61800000000001,1.3704437237624896,41,74.53,74.34,74.52,74.73,74.23,73.88,74.58,74.52,74.49,74.59,74.441,0.2274401020049024
202,0.17954607009887696,0.005043868160300382,0.024632930755615234,0.0005716413467628858,0.4,1.0,2000,2,"{'comNB__estimator__alpha': 0.4, 'tfidf__max_df': 1.0, 'tfidf__max_features': 2000, 'tfidf__min_df': 2}",60.68,62.41,62.87,61.64,62.45,62.67,59.05,60.49,60.71,64.29,61.726,1.4348672412456855,28,74.41,74.17,74.57,74.79,74.44,74.07,74.41,74.4,74.57,74.63,74.446,0.2013057376231496
203,0.17748403549194336,0.0052148248555323115,0.02409360408782959,0.0007389943946806483,0.4,1.0,2000,3,"{'comNB__estimator__alpha': 0.4, 'tfidf__max_df': 1.0, 'tfidf__max_features': 2000, 'tfidf__min_df': 3}",61.03,62.4,62.03,62.26,63.09,62.95,58.73,60.47,60.35,63.65,61.696000000000005,1.4427279715871606,39,74.48,74.33,74.53,74.75,74.13,74.1,74.6,74.43,74.66,74.62,74.463,0.20755962998618155
204,0.17554402351379395,0.005351603047821326,0.023932862281799316,0.0006511051724444599,0.4,1.0,3000,0.01,"{'comNB__estimator__alpha': 0.4, 'tfidf__max_df': 1.0, 'tfidf__max_features': 3000, 'tfidf__min_df': 0.01}",62.86,61.38,61.02,60.49,63.67,61.65,61.01,61.4,61.52,62.49,61.749,0.9195917572488349,22,66.27,66.24,65.97,66.86,66.58,66.87,66.83,66.76,66.13,66.11,66.46199999999999,0.33546385796386663
205,0.17872636318206786,0.00473658736792597,0.024489402770996094,0.000886555900645984,0.4,1.0,3000,0.001,"{'comNB__estimator__alpha': 0.4, 'tfidf__max_df': 1.0, 'tfidf__max_features': 3000, 'tfidf__min_df': 0.001}",60.48,61.94,62.48,60.02,63.16,62.64,58.65,60.52,60.75,63.09,61.373000000000005,1.4301122333579275,59,74.14,73.78,74.08,74.31,73.59,73.77,73.92,74.09,74.03,74.01,73.97200000000001,0.1997898896340856
206,0.18386259078979492,0.006788575606630432,0.024999213218688966,0.000891535237921314,0.4,1.0,3000,0.0001,"{'comNB__estimator__alpha': 0.4, 'tfidf__max_df': 1.0, 'tfidf__max_features': 3000, 'tfidf__min_df': 0.0001}",58.42,60.6,59.39,62.22,61.11,59.09,58.16,59.53,58.69,61.4,59.861000000000004,1.3155413334441453,145,76.49,76.6,76.59,76.89,76.4,76.17,76.55,76.93,76.24,76.53,76.539,0.2301933969513474
207,0.18078067302703857,0.006768059696934681,0.02498161792755127,0.001385201522448164,0.4,1.0,3000,1,"{'comNB__estimator__alpha': 0.4, 'tfidf__max_df': 1.0, 'tfidf__max_features': 3000, 'tfidf__min_df': 1}",58.42,60.6,59.39,62.22,61.11,59.09,58.16,59.53,58.69,61.4,59.861000000000004,1.3155413334441453,145,76.49,76.6,76.59,76.89,76.4,76.17,76.55,76.93,76.24,76.53,76.539,0.2301933969513474
208,0.18059961795806884,0.006219956434435333,0.02525479793548584,0.0015145448352635582,0.4,1.0,3000,2,"{'comNB__estimator__alpha': 0.4, 'tfidf__max_df': 1.0, 'tfidf__max_features': 3000, 'tfidf__min_df': 2}",58.12,60.02,60.02,61.85,60.58,59.76,58.53,59.67,58.89,61.78,59.922000000000004,1.1815735271238947,135,76.04,76.16,76.28,76.27,76.01,76.02,76.27,76.41,76.09,76.4,76.19500000000001,0.14417003849621357
209,0.1771986722946167,0.00430527549178806,0.02449634075164795,0.000699452648943573,0.4,1.0,3000,3,"{'comNB__estimator__alpha': 0.4, 'tfidf__max_df': 1.0, 'tfidf__max_features': 3000, 'tfidf__min_df': 3}",60.52,61.37,61.75,62.38,62.55,61.17,58.75,60.31,60.3,61.01,61.01099999999999,1.062689512510592,87,74.46,75.12,74.73,75.1,74.61,74.46,75.6,74.75,74.74,74.9,74.847,0.3314528624103285
210,0.17732129096984864,0.003563560462372803,0.023844575881958006,0.0009476381379598625,0.4,1.0,4000,0.01,"{'comNB__estimator__alpha': 0.4, 'tfidf__max_df': 1.0, 'tfidf__max_features': 4000, 'tfidf__min_df': 0.01}",62.86,61.38,61.02,60.49,63.67,61.65,61.01,61.4,61.52,62.49,61.749,0.9195917572488349,22,66.27,66.24,65.97,66.86,66.58,66.87,66.83,66.76,66.13,66.11,66.46199999999999,0.33546385796386663
211,0.1782620668411255,0.003946030166482714,0.02423205375671387,0.0004528368145619113,0.4,1.0,4000,0.001,"{'comNB__estimator__alpha': 0.4, 'tfidf__max_df': 1.0, 'tfidf__max_features': 4000, 'tfidf__min_df': 0.001}",60.48,61.94,62.48,60.02,63.16,62.64,58.65,60.52,60.75,63.09,61.373000000000005,1.4301122333579275,59,74.14,73.78,74.08,74.31,73.59,73.77,73.92,74.09,74.03,74.01,73.97200000000001,0.1997898896340856
212,0.18279876708984374,0.005881962296328636,0.02505614757537842,0.0009992503648970231,0.4,1.0,4000,0.0001,"{'comNB__estimator__alpha': 0.4, 'tfidf__max_df': 1.0, 'tfidf__max_features': 4000, 'tfidf__min_df': 0.0001}",57.3,58.21,58.15,61.59,59.64,57.7,55.9,59.52,56.41,61.58,58.6,1.8625036912715112,175,76.5,77.19,76.91,77.41,76.73,76.76,77.17,76.89,76.7,76.74,76.9,0.26294486114012455
213,0.1801616907119751,0.0035952940324773604,0.024308109283447267,0.0007402623305126218,0.4,1.0,4000,1,"{'comNB__estimator__alpha': 0.4, 'tfidf__max_df': 1.0, 'tfidf__max_features': 4000, 'tfidf__min_df': 1}",57.3,58.21,58.15,61.59,59.64,57.7,55.9,59.52,56.41,61.58,58.6,1.8625036912715112,175,76.5,77.19,76.91,77.41,76.73,76.76,77.17,76.89,76.7,76.74,76.9,0.26294486114012455
214,0.18048324584960937,0.0052037426634832995,0.0254230260848999,0.0011723156085821085,0.4,1.0,4000,2,"{'comNB__estimator__alpha': 0.4, 'tfidf__max_df': 1.0, 'tfidf__max_features': 4000, 'tfidf__min_df': 2}",58.12,60.02,60.02,61.85,60.58,59.76,58.53,59.67,58.89,61.78,59.922000000000004,1.1815735271238947,135,76.04,76.16,76.28,76.27,76.01,76.02,76.27,76.41,76.09,76.4,76.19500000000001,0.14417003849621357
215,0.18226778507232666,0.007748079258879304,0.025235557556152345,0.0016863455422153721,0.4,1.0,4000,3,"{'comNB__estimator__alpha': 0.4, 'tfidf__max_df': 1.0, 'tfidf__max_features': 4000, 'tfidf__min_df': 3}",60.52,61.37,61.75,62.38,62.55,61.17,58.75,60.31,60.3,61.01,61.01099999999999,1.062689512510592,87,74.46,75.12,74.73,75.1,74.61,74.46,75.6,74.75,74.74,74.9,74.847,0.3314528624103285
